 3 267.446 25.732   4 321.788 25.528   8 197.223 12.538  16 281.773 64.021  22 244.445 23.547  26 10.753 55.481  27 178.847 36.935  31 57.338 39.359  32 143.665 23.666  
 3 267.445 25.732   4 321.788 25.529   8 197.223 12.539  16 281.775 64.021  22 244.444 23.547  26 10.754 55.480  27 178.847 36.936  31 57.339 39.359  32 143.665 23.666  
 3 267.445 25.732   4 321.788 25.530   8 197.223 12.540  16 281.777 64.021  22 244.444 23.546  26 10.755 55.480  27 178.846 36.937  31 57.340 39.359  32 143.666 23.665  
 3 267.444 25.731   4 321.788 25.531   8 197.223 12.540  16 281.779 64.021  22 244.443 23.546  26 10.756 55.479  27 178.846 36.938  31 57.341 39.358  32 143.666 23.664  
 3 267.443 25.731   4 321.788 25.531   8 197.222 12.541  16 281.781 64.021  22 244.442 23.546  26 10.757 55.478  27 178.846 36.938  31 57.342 39.358  32 143.666 23.664  
 3 267.442 25.731   4 321.787 25.532   8 197.222 12.542  16 281.783 64.022  22 244.441 23.545  26 10.757 55.478  27 178.846 36.939  31 57.342 39.358  32 143.667 23.663  
 3 267.441 25.731   4 321.787 25.532   8 197.222 12.543  16 281.785 64.022  22 244.441 23.545  26 10.758 55.477  27 178.846 36.940  31 57.343 39.358  32 143.667 23.662  
 3 267.440 25.731   4 321.787 25.533   8 197.222 12.543  16 281.787 64.022  22 244.440 23.545  26 10.759 55.477  27 178.846 36.941  31 57.344 39.357  32 143.667 23.662  
 3 267.440 25.730   4 321.787 25.534   8 197.222 12.544  16 281.789 64.022  22 244.439 23.544  26 10.760 55.476  27 178.845 36.942  31 57.345 39.357  32 143.668 23.661  
 3 267.439 25.730   4 321.787 25.534   8 197.222 12.545  16 281.791 64.022  22 244.438 23.544  26 10.760 55.475  27 178.845 36.942  31 57.346 39.357  32 143.668 23.660  
 3 267.438 25.730   4 321.787 25.535   8 197.222 12.545  16 281.793 64.022  22 244.438 23.544  26 10.761 55.475  27 178.845 36.943  31 57.347 39.357  32 143.668 23.660  
 3 267.437 25.730   4 321.787 25.536   8 197.222 12.546  16 281.795 64.022  22 244.437 23.543  26 10.762 55.474  27 178.845 36.944  31 57.348 39.357  32 143.669 23.659  
 3 267.436 25.730   4 321.787 25.536   8 197.222 12.547  16 281.797 64.023  22 244.436 23.543  26 10.763 55.473  27 178.845 36.945  31 57.349 39.356  32 143.669 23.658  
 3 267.435 25.730   4 321.787 25.537   8 197.222 12.547  16 281.799 64.023  22 244.435 23.543  26 10.764 55.473  27 178.844 36.946  31 57.350 39.356  32 143.669 23.657  
 3 267.434 25.729   4 321.787 25.538   8 197.222 12.548  16 281.801 64.023  22 244.435 23.542  26 10.764 55.472  27 178.844 36.946  31 57.351 39.356  32 143.670 23.657  
 3 267.434 25.729   4 321.787 25.538   8 197.222 12.549  16 281.803 64.023  22 244.434 23.542  26 10.765 55.472  27 178.844 36.947  31 57.352 39.356  32 143.670 23.656  
 3 267.433 25.729   4 321.787 25.539   8 197.222 12.549  16 281.805 64.023  22 244.433 23.542  26 10.766 55.471  27 178.844 36.948  31 57.353 39.356  32 143.671 23.655  
 3 267.432 25.729   4 321.787 25.540   8 197.222 12.550  16 281.807 64.023  22 244.432 23.541  26 10.767 55.470  27 178.844 36.949  31 57.354 39.355  32 143.671 23.655  
 3 267.431 25.729   4 321.786 25.540   8 197.221 12.551  16 281.809 64.023  22 244.432 23.541  26 10.767 55.470  27 178.843 36.950  31 57.355 39.355  32 143.671 23.654  
 3 267.430 25.729   4 321.786 25.541   8 197.221 12.551  16 281.811 64.024  22 244.431 23.541  26 10.768 55.469  27 178.843 36.950  31 57.356 39.355  32 143.672 23.653  
 3 267.429 25.728   4 321.786 25.542   8 197.221 12.552  16 281.813 64.024  22 244.430 23.540  26 10.769 55.468  27 178.843 36.951  31 57.357 39.355  32 143.672 23.653  
 3 267.428 25.728   4 321.786 25.543   8 197.221 12.553  16 281.815 64.024  22 244.429 23.540  26 10.770 55.468  27 178.843 36.952  31 57.358 39.355  32 143.672 23.652  
 3 267.428 25.728   4 321.786 25.543   8 197.221 12.553  16 281.817 64.024  22 244.429 23.540  26 10.771 55.467  27 178.843 36.953  31 57.358 39.354  32 143.673 23.651  
 3 267.427 25.728   4 321.786 25.544   8 197.221 12.554  16 281.819 64.024  22 244.428 23.539  26 10.771 55.467  27 178.843 36.953  31 57.359 39.354  32 143.673 23.651  
 3 267.426 25.728   4 321.786 25.544   8 197.221 12.555  16 281.821 64.024  22 244.427 23.539  26 10.772 55.466  27 178.842 36.954  31 57.360 39.354  32 143.673 23.650  
 3 267.425 25.727   4 321.786 25.545   8 197.221 12.555  16 281.823 64.024  22 244.426 23.539  26 10.773 55.465  27 178.842 36.955  31 57.361 39.354  32 143.674 23.649  
 3 267.424 25.727   4 321.786 25.546   8 197.221 12.556  16 281.825 64.025  22 244.426 23.538  26 10.774 55.465  27 178.842 36.956  31 57.362 39.354  32 143.674 23.649  
 3 267.423 25.727   4 321.786 25.547   8 197.221 12.557  16 281.827 64.025  22 244.425 23.538  26 10.775 55.464  27 178.842 36.957  31 57.363 39.354  32 143.674 23.648  
 3 267.423 25.727   4 321.786 25.547   8 197.221 12.557  16 281.829 64.025  22 244.424 23.538  26 10.775 55.464  27 178.842 36.957  31 57.364 39.353  32 143.675 23.647  
 3 267.422 25.727   4 321.786 25.548   8 197.221 12.558  16 281.831 64.025  22 244.423 23.537  26 10.776 55.463  27 178.842 36.958  31 57.365 39.353  32 143.675 23.647  
 3 267.421 25.727   4 321.786 25.549   8 197.221 12.559  16 281.833 64.025  22 244.423 23.537  26 10.777 55.462  27 178.841 36.959  31 57.366 39.353  32 143.675 23.646  
 3 267.420 25.726   4 321.785 25.549   8 197.220 12.559  16 281.835 64.025  22 244.422 23.537  26 10.778 55.462  27 178.841 36.960  31 57.367 39.353  32 143.676 23.645  
 3 267.419 25.726   4 321.785 25.550   8 197.220 12.560  16 281.837 64.026  22 244.421 23.536  26 10.778 55.461  27 178.841 36.961  31 57.368 39.352  32 143.676 23.644  
 3 267.418 25.726   4 321.785 25.550   8 197.220 12.561  16 281.839 64.026  22 244.420 23.536  26 10.779 55.460  27 178.841 36.961  31 57.369 39.352  32 143.676 23.644  
 3 267.417 25.726   4 321.785 25.551   8 197.220 12.562  16 281.841 64.026  22 244.420 23.536  26 10.780 55.460  27 178.841 36.962  31 57.370 39.352  32 143.677 23.643  
 3 267.417 25.726   4 321.785 25.552   8 197.220 12.562  16 281.843 64.026  22 244.419 23.535  26 10.781 55.459  27 178.840 36.963  31 57.371 39.352  32 143.677 23.642  
 3 267.416 25.726   4 321.785 25.552   8 197.220 12.563  16 281.845 64.026  22 244.418 23.535  26 10.782 55.458  27 178.840 36.964  31 57.372 39.352  32 143.678 23.642  
 3 267.415 25.725   4 321.785 25.553   8 197.220 12.564  16 281.847 64.026  22 244.417 23.535  26 10.782 55.458  27 178.840 36.965  31 57.373 39.351  32 143.678 23.641  
 3 267.414 25.725   4 321.785 25.554   8 197.220 12.564  16 281.849 64.026  22 244.417 23.534  26 10.783 55.457  27 178.840 36.965  31 57.374 39.351  32 143.678 23.640  
 3 267.413 25.725   4 321.785 25.554   8 197.220 12.565  16 281.851 64.027  22 244.416 23.534  26 10.784 55.457  27 178.840 36.966  31 57.375 39.351  32 143.679 23.640  
 3 267.412 25.725   4 321.785 25.555   8 197.220 12.566  16 281.853 64.027  22 244.415 23.534  26 10.785 55.456  27 178.839 36.967  31 57.375 39.351  32 143.679 23.639  
 3 267.412 25.725   4 321.785 25.556   8 197.220 12.566  16 281.855 64.027  22 244.414 23.533  26 10.786 55.455  27 178.839 36.968  31 57.376 39.351  32 143.679 23.638  
 3 267.411 25.724   4 321.785 25.556   8 197.220 12.567  16 281.857 64.027  22 244.414 23.533  26 10.786 55.455  27 178.839 36.968  31 57.377 39.350  32 143.680 23.638  
 3 267.410 25.724   4 321.785 25.557   8 197.220 12.568  16 281.859 64.027  22 244.413 23.533  26 10.787 55.454  27 178.839 36.969  31 57.378 39.350  32 143.680 23.637  
 3 267.409 25.724   4 321.784 25.558   8 197.220 12.568  16 281.861 64.027  22 244.412 23.532  26 10.788 55.454  27 178.839 36.970  31 57.379 39.350  32 143.680 23.636  
 3 267.408 25.724   4 321.784 25.558   8 197.219 12.569  16 281.863 64.028  22 244.411 23.532  26 10.789 55.453  27 178.839 36.971  31 57.380 39.350  32 143.681 23.636  
 3 267.407 25.724   4 321.784 25.559   8 197.219 12.570  16 281.865 64.028  22 244.411 23.532  26 10.789 55.452  27 178.838 36.972  31 57.381 39.350  32 143.681 23.635  
 3 267.406 25.724   4 321.784 25.560   8 197.219 12.570  16 281.867 64.028  22 244.410 23.531  26 10.790 55.452  27 178.838 36.972  31 57.382 39.350  32 143.681 23.634  
 3 267.406 25.723   4 321.784 25.561   8 197.219 12.571  16 281.868 64.028  22 244.409 23.531  26 10.791 55.451  27 178.838 36.973  31 57.383 39.349  32 143.682 23.634  
 3 267.405 25.723   4 321.784 25.561   8 197.219 12.572  16 281.870 64.028  22 244.408 23.531  26 10.792 55.451  27 178.838 36.974  31 57.384 39.349  32 143.682 23.633  
 3 267.404 25.723   4 321.784 25.562   8 197.219 12.572  16 281.872 64.028  22 244.408 23.530  26 10.793 55.450  27 178.838 36.975  31 57.385 39.349  32 143.682 23.632  
 3 267.403 25.723   4 321.784 25.563   8 197.219 12.573  16 281.874 64.028  22 244.407 23.530  26 10.793 55.449  27 178.837 36.976  31 57.386 39.349  32 143.683 23.631  
 3 267.402 25.723   4 321.784 25.563   8 197.219 12.574  16 281.877 64.029  22 244.406 23.530  26 10.794 55.449  27 178.837 36.976  31 57.387 39.348  32 143.683 23.631  
 3 267.401 25.723   4 321.784 25.564   8 197.219 12.574  16 281.879 64.029  22 244.405 23.529  26 10.795 55.448  27 178.837 36.977  31 57.388 39.348  32 143.683 23.630  
 3 267.401 25.722   4 321.784 25.564   8 197.219 12.575  16 281.881 64.029  22 244.405 23.529  26 10.796 55.447  27 178.837 36.978  31 57.389 39.348  32 143.684 23.629  
 3 267.400 25.722   4 321.784 25.565   8 197.219 12.576  16 281.882 64.029  22 244.404 23.529  26 10.796 55.447  27 178.837 36.979  31 57.390 39.348  32 143.684 23.629  
 3 267.399 25.722   4 321.784 25.566   8 197.219 12.576  16 281.885 64.029  22 244.403 23.528  26 10.797 55.446  27 178.837 36.980  31 57.391 39.348  32 143.685 23.628  
 3 267.398 25.722   4 321.783 25.566   8 197.219 12.577  16 281.887 64.029  22 244.403 23.528  26 10.798 55.445  27 178.836 36.980  31 57.391 39.347  32 143.685 23.627  
 3 267.397 25.722   4 321.783 25.567   8 197.218 12.578  16 281.889 64.029  22 244.402 23.528  26 10.799 55.445  27 178.836 36.981  31 57.392 39.347  32 143.685 23.627  
 3 267.396 25.721   4 321.783 25.568   8 197.218 12.578  16 281.891 64.030  22 244.401 23.527  26 10.800 55.444  27 178.836 36.982  31 57.393 39.347  32 143.686 23.626  
 3 267.395 25.721   4 321.783 25.568   8 197.218 12.579  16 281.893 64.030  22 244.400 23.527  26 10.800 55.444  27 178.836 36.983  31 57.394 39.347  32 143.686 23.625  
 3 267.395 25.721   4 321.783 25.569   8 197.218 12.580  16 281.894 64.030  22 244.400 23.527  26 10.801 55.443  27 178.836 36.983  31 57.395 39.347  32 143.686 23.625  
 3 267.394 25.721   4 321.783 25.570   8 197.218 12.580  16 281.896 64.030  22 244.399 23.526  26 10.802 55.442  27 178.835 36.984  31 57.396 39.347  32 143.687 23.624  
 3 267.393 25.721   4 321.783 25.570   8 197.218 12.581  16 281.899 64.030  22 244.398 23.526  26 10.803 55.442  27 178.835 36.985  31 57.397 39.346  32 143.687 23.623  
 3 267.392 25.720   4 321.783 25.571   8 197.218 12.582  16 281.901 64.030  22 244.397 23.526  26 10.803 55.441  27 178.835 36.986  31 57.398 39.346  32 143.687 23.623  
 3 267.391 25.720   4 321.783 25.572   8 197.218 12.582  16 281.903 64.030  22 244.397 23.525  26 10.804 55.440  27 178.835 36.987  31 57.399 39.346  32 143.688 23.622  
 3 267.390 25.720   4 321.783 25.572   8 197.218 12.583  16 281.905 64.031  22 244.396 23.525  26 10.805 55.440  27 178.835 36.987  31 57.400 39.346  32 143.688 23.621  
 3 267.390 25.720   4 321.783 25.573   8 197.218 12.584  16 281.907 64.031  22 244.395 23.525  26 10.806 55.439  27 178.835 36.988  31 57.401 39.346  32 143.688 23.621  
 3 267.389 25.720   4 321.783 25.574   8 197.218 12.585  16 281.908 64.031  22 244.394 23.524  26 10.807 55.439  27 178.834 36.989  31 57.402 39.345  32 143.689 23.620  
 3 267.388 25.720   4 321.783 25.574   8 197.218 12.585  16 281.910 64.031  22 244.394 23.524  26 10.807 55.438  27 178.834 36.990  31 57.403 39.345  32 143.689 23.619  
 3 267.387 25.720   4 321.782 25.575   8 197.218 12.586  16 281.912 64.031  22 244.393 23.524  26 10.808 55.437  27 178.834 36.991  31 57.404 39.345  32 143.689 23.619  
 3 267.386 25.719   4 321.782 25.576   8 197.218 12.587  16 281.914 64.031  22 244.392 23.523  26 10.809 55.437  27 178.834 36.991  31 57.405 39.345  32 143.690 23.618  
 3 267.385 25.719   4 321.782 25.576   8 197.217 12.587  16 281.917 64.032  22 244.391 23.523  26 10.810 55.436  27 178.834 36.992  31 57.406 39.344  32 143.690 23.617  
 3 267.384 25.719   4 321.782 25.577   8 197.217 12.588  16 281.919 64.032  22 244.391 23.523  26 10.811 55.436  27 178.833 36.993  31 57.407 39.344  32 143.690 23.616  
 3 267.384 25.719   4 321.782 25.578   8 197.217 12.589  16 281.921 64.032  22 244.390 23.522  26 10.811 55.435  27 178.833 36.994  31 57.407 39.344  32 143.691 23.616  
 3 267.383 25.719   4 321.782 25.578   8 197.217 12.589  16 281.923 64.032  22 244.389 23.522  26 10.812 55.434  27 178.833 36.995  31 57.408 39.344  32 143.691 23.615  
 3 267.382 25.718   4 321.782 25.579   8 197.217 12.590  16 281.925 64.032  22 244.388 23.522  26 10.813 55.434  27 178.833 36.995  31 57.409 39.344  32 143.691 23.614  
 3 267.381 25.718   4 321.782 25.580   8 197.217 12.591  16 281.927 64.032  22 244.388 23.521  26 10.814 55.433  27 178.833 36.996  31 57.410 39.343  32 143.692 23.614  
 3 267.380 25.718   4 321.782 25.580   8 197.217 12.591  16 281.929 64.032  22 244.387 23.521  26 10.815 55.432  27 178.833 36.997  31 57.411 39.343  32 143.692 23.613  
 3 267.379 25.718   4 321.782 25.581   8 197.217 12.592  16 281.930 64.033  22 244.386 23.521  26 10.815 55.432  27 178.832 36.998  31 57.412 39.343  32 143.693 23.612  
 3 267.378 25.718   4 321.782 25.582   8 197.217 12.593  16 281.932 64.033  22 244.385 23.520  26 10.816 55.431  27 178.832 36.999  31 57.413 39.343  32 143.693 23.612  
 3 267.378 25.718   4 321.782 25.583   8 197.217 12.593  16 281.934 64.033  22 244.385 23.520  26 10.817 55.431  27 178.832 36.999  31 57.414 39.343  32 143.693 23.611  
 3 267.377 25.717   4 321.782 25.583   8 197.217 12.594  16 281.936 64.033  22 244.384 23.520  26 10.818 55.430  27 178.832 37.000  31 57.415 39.342  32 143.694 23.610  
 3 267.376 25.717   4 321.781 25.584   8 197.217 12.595  16 281.938 64.033  22 244.383 23.519  26 10.819 55.429  27 178.832 37.001  31 57.416 39.342  32 143.694 23.610  
 3 267.375 25.717   4 321.781 25.585   8 197.217 12.595  16 281.940 64.033  22 244.382 23.519  26 10.819 55.429  27 178.831 37.002  31 57.417 39.342  32 143.694 23.609  
 3 267.374 25.717   4 321.781 25.585   8 197.216 12.596  16 281.942 64.033  22 244.382 23.519  26 10.820 55.428  27 178.831 37.002  31 57.418 39.342  32 143.695 23.608  
 3 267.373 25.717   4 321.781 25.586   8 197.216 12.597  16 281.944 64.034  22 244.381 23.518  26 10.821 55.428  27 178.831 37.003  31 57.419 39.342  32 143.695 23.608  
 3 267.373 25.716   4 321.781 25.587   8 197.216 12.597  16 281.946 64.034  22 244.380 23.518  26 10.822 55.427  27 178.831 37.004  31 57.420 39.342  32 143.695 23.607  
 3 267.372 25.716   4 321.781 25.587   8 197.216 12.598  16 281.948 64.034  22 244.379 23.518  26 10.822 55.426  27 178.831 37.005  31 57.421 39.341  32 143.696 23.606  
 3 267.371 25.716   4 321.781 25.588   8 197.216 12.599  16 281.950 64.034  22 244.379 23.517  26 10.823 55.426  27 178.831 37.006  31 57.422 39.341  32 143.696 23.606  
 3 267.370 25.716   4 321.781 25.588   8 197.216 12.599  16 281.952 64.034  22 244.378 23.517  26 10.824 55.425  27 178.830 37.006  31 57.423 39.341  32 143.696 23.605  
 3 267.369 25.716   4 321.781 25.589   8 197.216 12.600  16 281.954 64.034  22 244.377 23.517  26 10.825 55.424  27 178.830 37.007  31 57.424 39.341  32 143.697 23.604  
 3 267.368 25.716   4 321.781 25.590   8 197.216 12.601  16 281.956 64.034  22 244.376 23.516  26 10.825 55.424  27 178.830 37.008  31 57.424 39.340  32 143.697 23.604  
 3 267.367 25.715   4 321.781 25.590   8 197.216 12.601  16 281.958 64.035  22 244.376 23.516  26 10.826 55.423  27 178.830 37.009  31 57.425 39.340  32 143.697 23.603  
 3 267.367 25.715   4 321.781 25.591   8 197.216 12.602  16 281.961 64.035  22 244.375 23.516  26 10.827 55.422  27 178.830 37.010  31 57.426 39.340  32 143.698 23.602  
 3 267.366 25.715   4 321.781 25.592   8 197.216 12.603  16 281.963 64.035  22 244.374 23.515  26 10.828 55.422  27 178.829 37.010  31 57.427 39.340  32 143.698 23.601  
 3 267.365 25.715   4 321.780 25.592   8 197.216 12.604  16 281.965 64.035  22 244.373 23.515  26 10.829 55.421  27 178.829 37.011  31 57.428 39.340  32 143.698 23.601  
 3 267.364 25.715   4 321.780 25.593   8 197.216 12.604  16 281.967 64.035  22 244.373 23.515  26 10.829 55.421  27 178.829 37.012  31 57.429 39.339  32 143.699 23.600  
 3 267.363 25.715   4 321.780 25.594   8 197.215 12.605  16 281.969 64.035  22 244.372 23.515  26 10.830 55.420  27 178.829 37.013  31 57.430 39.339  32 143.699 23.599  
 3 267.362 25.714   4 321.780 25.594   8 197.215 12.606  16 281.971 64.036  22 244.371 23.514  26 10.831 55.419  27 178.829 37.014  31 57.431 39.339  32 143.699 23.599  
 3 267.362 25.714   4 321.780 25.595   8 197.215 12.606  16 281.973 64.036  22 244.371 23.514  26 10.832 55.419  27 178.828 37.014  31 57.432 39.339  32 143.700 23.598  
 3 267.361 25.714   4 321.780 25.596   8 197.215 12.607  16 281.974 64.036  22 244.370 23.514  26 10.833 55.418  27 178.828 37.015  31 57.433 39.339  32 143.700 23.597  
 3 267.360 25.714   4 321.780 25.596   8 197.215 12.608  16 281.976 64.036  22 244.369 23.513  26 10.833 55.418  27 178.828 37.016  31 57.434 39.339  32 143.701 23.597  
 3 267.359 25.714   4 321.780 25.597   8 197.215 12.608  16 281.978 64.036  22 244.368 23.513  26 10.834 55.417  27 178.828 37.017  31 57.435 39.338  32 143.701 23.596  
 3 267.358 25.713   4 321.780 25.598   8 197.215 12.609  16 281.980 64.036  22 244.367 23.513  26 10.835 55.416  27 178.828 37.018  31 57.436 39.338  32 143.701 23.595  
 3 267.357 25.713   4 321.780 25.599   8 197.215 12.610  16 281.982 64.036  22 244.367 23.512  26 10.836 55.416  27 178.828 37.018  31 57.437 39.338  32 143.702 23.595  
 3 267.356 25.713   4 321.780 25.599   8 197.215 12.610  16 281.984 64.037  22 244.366 23.512  26 10.837 55.415  27 178.827 37.019  31 57.438 39.338  32 143.702 23.594  
 3 267.356 25.713   4 321.780 25.600   8 197.215 12.611  16 281.986 64.037  22 244.365 23.512  26 10.837 55.414  27 178.827 37.020  31 57.439 39.338  32 143.702 23.593  
 3 267.355 25.713   4 321.779 25.601   8 197.215 12.612  16 281.988 64.037  22 244.364 23.511  26 10.838 55.414  27 178.827 37.021  31 57.440 39.337  32 143.703 23.593  
 3 267.354 25.713   4 321.779 25.601   8 197.215 12.612  16 281.990 64.037  22 244.364 23.511  26 10.839 55.413  27 178.827 37.021  31 57.441 39.337  32 143.703 23.592  
 3 267.353 25.712   4 321.779 25.602   8 197.215 12.613  16 281.992 64.037  22 244.363 23.511  26 10.840 55.413  27 178.827 37.022  31 57.442 39.337  32 143.703 23.591  
 3 267.352 25.712   4 321.779 25.603   8 197.214 12.614  16 281.994 64.037  22 244.362 23.510  26 10.840 55.412  27 178.826 37.023  31 57.442 39.337  32 143.704 23.590  
 3 267.351 25.712   4 321.779 25.603   8 197.214 12.614  16 281.996 64.037  22 244.362 23.510  26 10.841 55.411  27 178.826 37.024  31 57.443 39.337  32 143.704 23.590  
 3 267.350 25.712   4 321.779 25.604   8 197.214 12.615  16 281.998 64.038  22 244.361 23.510  26 10.842 55.411  27 178.826 37.025  31 57.444 39.336  32 143.704 23.589  
 3 267.350 25.712   4 321.779 25.605   8 197.214 12.616  16 282.000 64.038  22 244.360 23.509  26 10.843 55.410  27 178.826 37.025  31 57.445 39.336  32 143.705 23.588  
 3 267.349 25.712   4 321.779 25.605   8 197.214 12.616  16 282.002 64.038  22 244.359 23.509  26 10.844 55.410  27 178.826 37.026  31 57.446 39.336  32 143.705 23.588  
 3 267.348 25.711   4 321.779 25.606   8 197.214 12.617  16 282.004 64.038  22 244.359 23.509  26 10.844 55.409  27 178.826 37.027  31 57.447 39.336  32 143.705 23.587  
 3 267.347 25.711   4 321.779 25.607   8 197.214 12.618  16 282.006 64.038  22 244.358 23.508  26 10.845 55.408  27 178.825 37.028  31 57.448 39.336  32 143.706 23.586  
 3 267.346 25.711   4 321.779 25.607   8 197.214 12.618  16 282.008 64.038  22 244.357 23.508  26 10.846 55.408  27 178.825 37.029  31 57.449 39.335  32 143.706 23.586  
 3 267.345 25.711   4 321.779 25.608   8 197.214 12.619  16 282.010 64.038  22 244.356 23.508  26 10.847 55.407  27 178.825 37.029  31 57.450 39.335  32 143.706 23.585  
 3 267.345 25.711   4 321.779 25.609   8 197.214 12.620  16 282.012 64.039  22 244.356 23.507  26 10.847 55.406  27 178.825 37.030  31 57.451 39.335  32 143.707 23.584  
 3 267.344 25.710   4 321.778 25.609   8 197.214 12.620  16 282.014 64.039  22 244.355 23.507  26 10.848 55.406  27 178.825 37.031  31 57.452 39.335  32 143.707 23.584  
 3 267.343 25.710   4 321.778 25.610   8 197.214 12.621  16 282.016 64.039  22 244.354 23.507  26 10.849 55.405  27 178.824 37.032  31 57.453 39.335  32 143.708 23.583  
 3 267.342 25.710   4 321.778 25.610   8 197.214 12.622  16 282.018 64.039  22 244.353 23.506  26 10.850 55.405  27 178.824 37.033  31 57.454 39.334  32 143.708 23.582  
 3 267.341 25.710   4 321.778 25.611   8 197.214 12.622  16 282.020 64.039  22 244.353 23.506  26 10.851 55.404  27 178.824 37.033  31 57.455 39.334  32 143.708 23.582  
 3 267.340 25.710   4 321.778 25.612   8 197.213 12.623  16 282.022 64.039  22 244.352 23.506  26 10.851 55.403  27 178.824 37.034  31 57.456 39.334  32 143.709 23.581  
 3 267.339 25.710   4 321.778 25.613   8 197.213 12.624  16 282.024 64.040  22 244.351 23.505  26 10.852 55.403  27 178.824 37.035  31 57.457 39.334  32 143.709 23.580  
 3 267.339 25.709   4 321.778 25.613   8 197.213 12.624  16 282.026 64.040  22 244.350 23.505  26 10.853 55.402  27 178.824 37.036  31 57.458 39.334  32 143.709 23.580  
 3 267.338 25.709   4 321.778 25.614   8 197.213 12.625  16 282.028 64.040  22 244.350 23.505  26 10.854 55.401  27 178.823 37.037  31 57.458 39.333  32 143.710 23.579  
 3 267.337 25.709   4 321.778 25.614   8 197.213 12.626  16 282.030 64.040  22 244.349 23.504  26 10.854 55.401  27 178.823 37.037  31 57.459 39.333  32 143.710 23.578  
 3 267.336 25.709   4 321.778 25.615   8 197.213 12.626  16 282.032 64.040  22 244.348 23.504  26 10.855 55.400  27 178.823 37.038  31 57.460 39.333  32 143.710 23.578  
 3 267.335 25.709   4 321.778 25.616   8 197.213 12.627  16 282.034 64.040  22 244.347 23.504  26 10.856 55.400  27 178.823 37.039  31 57.461 39.333  32 143.711 23.577  
 3 267.334 25.708   4 321.778 25.616   8 197.213 12.628  16 282.036 64.040  22 244.347 23.503  26 10.857 55.399  27 178.823 37.040  31 57.462 39.333  32 143.711 23.576  
 3 267.334 25.708   4 321.778 25.617   8 197.213 12.629  16 282.038 64.040  22 244.346 23.503  26 10.858 55.398  27 178.822 37.041  31 57.463 39.332  32 143.711 23.576  
 3 267.333 25.708   4 321.777 25.618   8 197.213 12.629  16 282.040 64.041  22 244.345 23.503  26 10.858 55.398  27 178.822 37.041  31 57.464 39.332  32 143.712 23.575  
 3 267.332 25.708   4 321.777 25.618   8 197.213 12.630  16 282.042 64.041  22 244.344 23.502  26 10.859 55.397  27 178.822 37.042  31 57.465 39.332  32 143.712 23.574  
 3 267.331 25.708   4 321.777 25.619   8 197.213 12.631  16 282.044 64.041  22 244.344 23.502  26 10.860 55.396  27 178.822 37.043  31 57.466 39.332  32 143.712 23.574  
 3 267.330 25.708   4 321.777 25.620   8 197.213 12.631  16 282.046 64.041  22 244.343 23.502  26 10.861 55.396  27 178.822 37.044  31 57.467 39.331  32 143.713 23.573  
 3 267.329 25.707   4 321.777 25.620   8 197.213 12.632  16 282.048 64.041  22 244.342 23.501  26 10.862 55.395  27 178.821 37.044  31 57.468 39.331  32 143.713 23.572  
 3 267.328 25.707   4 321.777 25.621   8 197.212 12.633  16 282.050 64.041  22 244.341 23.501  26 10.862 55.395  27 178.821 37.045  31 57.469 39.331  32 143.713 23.571  
 3 267.328 25.707   4 321.777 25.622   8 197.212 12.633  16 282.052 64.042  22 244.341 23.501  26 10.863 55.394  27 178.821 37.046  31 57.470 39.331  32 143.714 23.571  
 3 267.327 25.707   4 321.777 25.623   8 197.212 12.634  16 282.054 64.042  22 244.340 23.500  26 10.864 55.393  27 178.821 37.047  31 57.471 39.331  32 143.714 23.570  
 3 267.326 25.707   4 321.777 25.623   8 197.212 12.635  16 282.056 64.042  22 244.339 23.500  26 10.865 55.393  27 178.821 37.048  31 57.472 39.331  32 143.714 23.569  
 3 267.325 25.707   4 321.777 25.624   8 197.212 12.635  16 282.058 64.042  22 244.338 23.500  26 10.866 55.392  27 178.821 37.048  31 57.473 39.330  32 143.715 23.569  
 3 267.324 25.706   4 321.777 25.625   8 197.212 12.636  16 282.060 64.042  22 244.338 23.499  26 10.866 55.391  27 178.820 37.049  31 57.474 39.330  32 143.715 23.568  
 3 267.323 25.706   4 321.777 25.625   8 197.212 12.637  16 282.062 64.042  22 244.337 23.499  26 10.867 55.391  27 178.820 37.050  31 57.475 39.330  32 143.716 23.567  
 3 267.322 25.706   4 321.777 25.626   8 197.212 12.637  16 282.064 64.042  22 244.336 23.499  26 10.868 55.390  27 178.820 37.051  31 57.475 39.330  32 143.716 23.567  
 3 267.322 25.706   4 321.776 25.627   8 197.212 12.638  16 282.066 64.043  22 244.335 23.498  26 10.869 55.390  27 178.820 37.052  31 57.476 39.330  32 143.716 23.566  
 3 267.321 25.706   4 321.776 25.627   8 197.212 12.639  16 282.068 64.043  22 244.335 23.498  26 10.869 55.389  27 178.820 37.052  31 57.477 39.329  32 143.717 23.565  
 3 267.320 25.706   4 321.776 25.628   8 197.212 12.639  16 282.070 64.043  22 244.334 23.498  26 10.870 55.388  27 178.819 37.053  31 57.478 39.329  32 143.717 23.565  
 3 267.319 25.705   4 321.776 25.629   8 197.212 12.640  16 282.072 64.043  22 244.333 23.497  26 10.871 55.388  27 178.819 37.054  31 57.479 39.329  32 143.717 23.564  
 3 267.318 25.705   4 321.776 25.629   8 197.212 12.641  16 282.074 64.043  22 244.332 23.497  26 10.872 55.387  27 178.819 37.055  31 57.480 39.329  32 143.718 23.563  
 3 267.317 25.705   4 321.776 25.630   8 197.211 12.641  16 282.076 64.043  22 244.332 23.497  26 10.873 55.387  27 178.819 37.056  31 57.481 39.329  32 143.718 23.563  
 3 267.317 25.705   4 321.776 25.631   8 197.211 12.642  16 282.078 64.043  22 244.331 23.496  26 10.873 55.386  27 178.819 37.056  31 57.482 39.328  32 143.718 23.562  
 3 267.316 25.705   4 321.776 25.631   8 197.211 12.643  16 282.080 64.044  22 244.330 23.496  26 10.874 55.385  27 178.819 37.057  31 57.483 39.328  32 143.719 23.561  
 3 267.315 25.704   4 321.776 25.632   8 197.211 12.643  16 282.082 64.044  22 244.329 23.496  26 10.875 55.385  27 178.818 37.058  31 57.484 39.328  32 143.719 23.560  
 3 267.314 25.704   4 321.776 25.632   8 197.211 12.644  16 282.084 64.044  22 244.329 23.495  26 10.876 55.384  27 178.818 37.059  31 57.485 39.328  32 143.719 23.560  
 3 267.313 25.704   4 321.776 25.633   8 197.211 12.645  16 282.086 64.044  22 244.328 23.495  26 10.876 55.383  27 178.818 37.060  31 57.486 39.328  32 143.720 23.559  
 3 267.312 25.704   4 321.776 25.634   8 197.211 12.645  16 282.088 64.044  22 244.327 23.495  26 10.877 55.383  27 178.818 37.060  31 57.487 39.327  32 143.720 23.558  
 3 267.312 25.704   4 321.776 25.635   8 197.211 12.646  16 282.090 64.044  22 244.327 23.494  26 10.878 55.382  27 178.818 37.061  31 57.488 39.327  32 143.720 23.558  
 3 267.311 25.704   4 321.775 25.635   8 197.211 12.647  16 282.092 64.045  22 244.326 23.494  26 10.879 55.382  27 178.817 37.062  31 57.489 39.327  32 143.721 23.557  
 3 267.310 25.703   4 321.775 25.636   8 197.211 12.648  16 282.094 64.045  22 244.325 23.494  26 10.880 55.381  27 178.817 37.063  31 57.490 39.327  32 143.721 23.556  
 3 267.309 25.703   4 321.775 25.637   8 197.211 12.648  16 282.096 64.045  22 244.324 23.493  26 10.880 55.380  27 178.817 37.063  31 57.491 39.327  32 143.721 23.556  
 3 267.308 25.703   4 321.775 25.637   8 197.211 12.649  16 282.098 64.045  22 244.324 23.493  26 10.881 55.380  27 178.817 37.064  31 57.491 39.326  32 143.722 23.555  
 3 267.307 25.703   4 321.775 25.638   8 197.211 12.650  16 282.100 64.045  22 244.323 23.493  26 10.882 55.379  27 178.817 37.065  31 57.492 39.326  32 143.722 23.554  
 3 267.306 25.703   4 321.775 25.639   8 197.211 12.650  16 282.102 64.045  22 244.322 23.492  26 10.883 55.378  27 178.817 37.066  31 57.493 39.326  32 143.723 23.554  
 3 267.306 25.702   4 321.775 25.639   8 197.210 12.651  16 282.104 64.045  22 244.321 23.492  26 10.883 55.378  27 178.816 37.067  31 57.494 39.326  32 143.723 23.553  
 3 267.305 25.702   4 321.775 25.640   8 197.210 12.652  16 282.106 64.045  22 244.321 23.492  26 10.884 55.377  27 178.816 37.067  31 57.495 39.325  32 143.723 23.552  
 3 267.304 25.702   4 321.775 25.640   8 197.210 12.652  16 282.108 64.046  22 244.320 23.491  26 10.885 55.377  27 178.816 37.068  31 57.496 39.325  32 143.724 23.552  
 3 267.303 25.702   4 321.775 25.641   8 197.210 12.653  16 282.110 64.046  22 244.319 23.491  26 10.886 55.376  27 178.816 37.069  31 57.497 39.325  32 143.724 23.551  
 3 267.302 25.702   4 321.775 25.642   8 197.210 12.654  16 282.112 64.046  22 244.318 23.491  26 10.887 55.375  27 178.816 37.070  31 57.498 39.325  32 143.724 23.550  
 3 267.301 25.702   4 321.775 25.643   8 197.210 12.654  16 282.114 64.046  22 244.318 23.490  26 10.887 55.375  27 178.815 37.071  31 57.499 39.325  32 143.725 23.550  
 3 267.300 25.701   4 321.774 25.643   8 197.210 12.655  16 282.116 64.046  22 244.317 23.490  26 10.888 55.374  27 178.815 37.071  31 57.500 39.324  32 143.725 23.549  
 3 267.300 25.701   4 321.774 25.644   8 197.210 12.656  16 282.118 64.046  22 244.316 23.490  26 10.889 55.373  27 178.815 37.072  31 57.501 39.324  32 143.725 23.548  
 3 267.299 25.701   4 321.774 25.645   8 197.210 12.656  16 282.120 64.047  22 244.315 23.489  26 10.890 55.373  27 178.815 37.073  31 57.502 39.324  32 143.726 23.547  
 3 267.298 25.701   4 321.774 25.645   8 197.210 12.657  16 282.122 64.047  22 244.315 23.489  26 10.891 55.372  27 178.815 37.074  31 57.503 39.324  32 143.726 23.547  
 3 267.297 25.701   4 321.774 25.646   8 197.210 12.658  16 282.124 64.047  22 244.314 23.489  26 10.891 55.372  27 178.814 37.075  31 57.504 39.324  32 143.726 23.546  
 3 267.296 25.701   4 321.774 25.647   8 197.210 12.658  16 282.126 64.047  22 244.313 23.488  26 10.892 55.371  27 178.814 37.075  31 57.505 39.324  32 143.727 23.545  
 3 267.295 25.700   4 321.774 25.647   8 197.210 12.659  16 282.128 64.047  22 244.312 23.488  26 10.893 55.370  27 178.814 37.076  31 57.506 39.323  32 143.727 23.545  
 3 267.295 25.700   4 321.774 25.648   8 197.209 12.660  16 282.130 64.047  22 244.312 23.488  26 10.894 55.370  27 178.814 37.077  31 57.507 39.323  32 143.727 23.544  
 3 267.294 25.700   4 321.774 25.649   8 197.209 12.660  16 282.132 64.047  22 244.311 23.487  26 10.895 55.369  27 178.814 37.078  31 57.508 39.323  32 143.728 23.543  
 3 267.293 25.700   4 321.774 25.649   8 197.209 12.661  16 282.134 64.048  22 244.310 23.487  26 10.895 55.369  27 178.814 37.078  31 57.508 39.323  32 143.728 23.543  
 3 267.292 25.700   4 321.774 25.650   8 197.209 12.662  16 282.136 64.048  22 244.309 23.487  26 10.896 55.368  27 178.813 37.079  31 57.509 39.323  32 143.728 23.542  
 3 267.291 25.699   4 321.774 25.651   8 197.209 12.662  16 282.138 64.048  22 244.309 23.486  26 10.897 55.367  27 178.813 37.080  31 57.510 39.322  32 143.729 23.541  
 3 267.290 25.699   4 321.774 25.651   8 197.209 12.663  16 282.140 64.048  22 244.308 23.486  26 10.898 55.367  27 178.813 37.081  31 57.511 39.322  32 143.729 23.541  
 3 267.289 25.699   4 321.773 25.652   8 197.209 12.664  16 282.142 64.048  22 244.307 23.486  26 10.898 55.366  27 178.813 37.082  31 57.512 39.322  32 143.729 23.540  
 3 267.289 25.699   4 321.773 25.653   8 197.209 12.664  16 282.144 64.048  22 244.306 23.485  26 10.899 55.365  27 178.813 37.082  31 57.513 39.322  32 143.730 23.539  
 3 267.288 25.699   4 321.773 25.653   8 197.209 12.665  16 282.146 64.048  22 244.306 23.485  26 10.900 55.365  27 178.812 37.083  31 57.514 39.321  32 143.730 23.539  
 3 267.287 25.699   4 321.773 25.654   8 197.209 12.666  16 282.148 64.049  22 244.305 23.485  26 10.901 55.364  27 178.812 37.084  31 57.515 39.321  32 143.730 23.538  
 3 267.286 25.698   4 321.773 25.655   8 197.209 12.667  16 282.150 64.049  22 244.304 23.484  26 10.902 55.364  27 178.812 37.085  31 57.516 39.321  32 143.731 23.537  
 3 267.285 25.698   4 321.773 25.655   8 197.209 12.667  16 282.152 64.049  22 244.303 23.484  26 10.902 55.363  27 178.812 37.086  31 57.517 39.321  32 143.731 23.537  
 3 267.284 25.698   4 321.773 25.656   8 197.209 12.668  16 282.154 64.049  22 244.303 23.484  26 10.903 55.362  27 178.812 37.086  31 57.518 39.321  32 143.732 23.536  
 3 267.284 25.698   4 321.773 25.657   8 197.209 12.669  16 282.156 64.049  22 244.302 23.483  26 10.904 55.362  27 178.812 37.087  31 57.519 39.320  32 143.732 23.535  
 3 267.283 25.698   4 321.773 25.657   8 197.208 12.669  16 282.158 64.049  22 244.301 23.483  26 10.905 55.361  27 178.811 37.088  31 57.520 39.320  32 143.732 23.534  
 3 267.282 25.698   4 321.773 25.658   8 197.208 12.670  16 282.160 64.049  22 244.300 23.483  26 10.905 55.360  27 178.811 37.089  31 57.521 39.320  32 143.733 23.534  
 3 267.281 25.697   4 321.773 25.659   8 197.208 12.671  16 282.162 64.050  22 244.300 23.482  26 10.906 55.360  27 178.811 37.090  31 57.522 39.320  32 143.733 23.533  
 3 267.280 25.697   4 321.773 25.659   8 197.208 12.671  16 282.164 64.050  22 244.299 23.482  26 10.907 55.359  27 178.811 37.090  31 57.523 39.320  32 143.733 23.532  
 3 267.279 25.697   4 321.773 25.660   8 197.208 12.672  16 282.166 64.050  22 244.298 23.482  26 10.908 55.359  27 178.811 37.091  31 57.524 39.320  32 143.734 23.532  
 3 267.278 25.697   4 321.772 25.661   8 197.208 12.673  16 282.168 64.050  22 244.297 23.481  26 10.909 55.358  27 178.810 37.092  31 57.524 39.319  32 143.734 23.531  
 3 267.278 25.697   4 321.772 25.661   8 197.208 12.673  16 282.170 64.050  22 244.297 23.481  26 10.909 55.357  27 178.810 37.093  31 57.525 39.319  32 143.734 23.530  
 3 267.277 25.696   4 321.772 25.662   8 197.208 12.674  16 282.172 64.050  22 244.296 23.481  26 10.910 55.357  27 178.810 37.094  31 57.526 39.319  32 143.735 23.530  
 3 267.276 25.696   4 321.772 25.663   8 197.208 12.675  16 282.174 64.050  22 244.295 23.480  26 10.911 55.356  27 178.810 37.094  31 57.527 39.319  32 143.735 23.529  
 3 267.275 25.696   4 321.772 25.663   8 197.208 12.675  16 282.176 64.051  22 244.295 23.480  26 10.912 55.355  27 178.810 37.095  31 57.528 39.319  32 143.735 23.528  
 3 267.274 25.696   4 321.772 25.664   8 197.208 12.676  16 282.178 64.051  22 244.294 23.480  26 10.912 55.355  27 178.810 37.096  31 57.529 39.318  32 143.736 23.528  
 3 267.273 25.696   4 321.772 25.665   8 197.208 12.677  16 282.180 64.051  22 244.293 23.479  26 10.913 55.354  27 178.809 37.097  31 57.530 39.318  32 143.736 23.527  
 3 267.273 25.696   4 321.772 25.665   8 197.208 12.677  16 282.182 64.051  22 244.292 23.479  26 10.914 55.354  27 178.809 37.097  31 57.531 39.318  32 143.736 23.526  
 3 267.272 25.695   4 321.772 25.666   8 197.207 12.678  16 282.184 64.051  22 244.291 23.479  26 10.915 55.353  27 178.809 37.098  31 57.532 39.318  32 143.737 23.526  
 3 267.271 25.695   4 321.772 25.667   8 197.207 12.679  16 282.186 64.051  22 244.291 23.478  26 10.916 55.352  27 178.809 37.099  31 57.533 39.318  32 143.737 23.525  
 3 267.270 25.695   4 321.772 25.667   8 197.207 12.679  16 282.188 64.051  22 244.290 23.478  26 10.916 55.352  27 178.809 37.100  31 57.534 39.317  32 143.737 23.524  
 3 267.269 25.695   4 321.772 25.668   8 197.207 12.680  16 282.190 64.052  22 244.289 23.478  26 10.917 55.351  27 178.808 37.101  31 57.535 39.317  32 143.738 23.524  
 3 267.268 25.695   4 321.771 25.669   8 197.207 12.681  16 282.192 64.052  22 244.288 23.477  26 10.918 55.351  27 178.808 37.101  31 57.536 39.317  32 143.738 23.523  
 3 267.267 25.695   4 321.771 25.669   8 197.207 12.681  16 282.194 64.052  22 244.288 23.477  26 10.919 55.350  27 178.808 37.102  31 57.537 39.317  32 143.739 23.522  
 3 267.267 25.694   4 321.771 25.670   8 197.207 12.682  16 282.196 64.052  22 244.287 23.477  26 10.920 55.349  27 178.808 37.103  31 57.538 39.317  32 143.739 23.522  
 3 267.266 25.694   4 321.771 25.671   8 197.207 12.683  16 282.198 64.052  22 244.286 23.476  26 10.920 55.349  27 178.808 37.104  31 57.539 39.316  32 143.739 23.521  
 3 267.265 25.694   4 321.771 25.671   8 197.207 12.683  16 282.200 64.052  22 244.286 23.476  26 10.921 55.348  27 178.808 37.105  31 57.540 39.316  32 143.740 23.520  
 3 267.264 25.694   4 321.771 25.672   8 197.207 12.684  16 282.202 64.053  22 244.285 23.476  26 10.922 55.347  27 178.807 37.105  31 57.541 39.316  32 143.740 23.520  
 3 267.263 25.694   4 321.771 25.673   8 197.207 12.685  16 282.204 64.053  22 244.284 23.475  26 10.923 55.347  27 178.807 37.106  31 57.541 39.316  32 143.740 23.519  
 3 267.262 25.693   4 321.771 25.673   8 197.207 12.686  16 282.206 64.053  22 244.283 23.475  26 10.923 55.346  27 178.807 37.107  31 57.542 39.316  32 143.741 23.518  
 3 267.262 25.693   4 321.771 25.674   8 197.207 12.686  16 282.208 64.053  22 244.283 23.475  26 10.924 55.346  27 178.807 37.108  31 57.543 39.315  32 143.741 23.517  
 3 267.261 25.693   4 321.771 25.675   8 197.207 12.687  16 282.210 64.053  22 244.282 23.474  26 10.925 55.345  27 178.807 37.109  31 57.544 39.315  32 143.741 23.517  
 3 267.260 25.693   4 321.771 25.675   8 197.206 12.688  16 282.212 64.053  22 244.281 23.474  26 10.926 55.344  27 178.806 37.109  31 57.545 39.315  32 143.742 23.516  
 3 267.259 25.693   4 321.771 25.676   8 197.206 12.688  16 282.214 64.053  22 244.280 23.474  26 10.927 55.344  27 178.806 37.110  31 57.546 39.315  32 143.742 23.515  
 3 267.258 25.693   4 321.771 25.677   8 197.206 12.689  16 282.216 64.054  22 244.280 23.473  26 10.927 55.343  27 178.806 37.111  31 57.547 39.315  32 143.742 23.515  
 3 267.257 25.692   4 321.770 25.677   8 197.206 12.690  16 282.218 64.054  22 244.279 23.473  26 10.928 55.343  27 178.806 37.112  31 57.548 39.314  32 143.743 23.514  
 3 267.256 25.692   4 321.770 25.678   8 197.206 12.690  16 282.220 64.054  22 244.278 23.473  26 10.929 55.342  27 178.806 37.113  31 57.549 39.314  32 143.743 23.513  
 3 267.256 25.692   4 321.770 25.679   8 197.206 12.691  16 282.222 64.054  22 244.277 23.472  26 10.930 55.341  27 178.805 37.113  31 57.550 39.314  32 143.743 23.513  
 3 267.255 25.692   4 321.770 25.679   8 197.206 12.692  16 282.224 64.054  22 244.277 23.472  26 10.930 55.341  27 178.805 37.114  31 57.551 39.314  32 143.744 23.512  
 3 267.254 25.692   4 321.770 25.680   8 197.206 12.692  16 282.226 64.054  22 244.276 23.472  26 10.931 55.340  27 178.805 37.115  31 57.552 39.314  32 143.744 23.511  
 3 267.253 25.691   4 321.770 25.681   8 197.206 12.693  16 282.228 64.054  22 244.275 23.471  26 10.932 55.339  27 178.805 37.116  31 57.553 39.313  32 143.744 23.511  
 3 267.252 25.691   4 321.770 25.681   8 197.206 12.694  16 282.230 64.055  22 244.274 23.471  26 10.933 55.339  27 178.805 37.116  31 57.554 39.313  32 143.745 23.510  
 3 267.251 25.691   4 321.770 25.682   8 197.206 12.694  16 282.232 64.055  22 244.274 23.471  26 10.934 55.338  27 178.805 37.117  31 57.555 39.313  32 143.745 23.509  
 3 267.250 25.691   4 321.770 25.683   8 197.206 12.695  16 282.234 64.055  22 244.273 23.470  26 10.934 55.338  27 178.804 37.118  31 57.556 39.313  32 143.745 23.509  
 3 267.250 25.691   4 321.770 25.683   8 197.206 12.696  16 282.236 64.055  22 244.272 23.470  26 10.935 55.337  27 178.804 37.119  31 57.557 39.313  32 143.746 23.508  
 3 267.249 25.691   4 321.770 25.684   8 197.205 12.696  16 282.238 64.055  22 244.271 23.470  26 10.936 55.336  27 178.804 37.120  31 57.558 39.312  32 143.746 23.507  
 3 267.248 25.690   4 321.770 25.685   8 197.205 12.697  16 282.240 64.055  22 244.271 23.469  26 10.937 55.336  27 178.804 37.120  31 57.558 39.312  32 143.746 23.507  
 3 267.247 25.690   4 321.769 25.685   8 197.205 12.698  16 282.242 64.055  22 244.270 23.469  26 10.938 55.335  27 178.804 37.121  31 57.559 39.312  32 143.747 23.506  
 3 267.246 25.690   4 321.769 25.686   8 197.205 12.698  16 282.244 64.056  22 244.269 23.469  26 10.938 55.334  27 178.803 37.122  31 57.560 39.312  32 143.747 23.505  
 3 267.245 25.690   4 321.769 25.687   8 197.205 12.699  16 282.246 64.056  22 244.268 23.468  26 10.939 55.334  27 178.803 37.123  31 57.561 39.312  32 143.748 23.504  
 3 267.245 25.690   4 321.769 25.687   8 197.205 12.700  16 282.248 64.056  22 244.268 23.468  26 10.940 55.333  27 178.803 37.124  31 57.562 39.311  32 143.748 23.504  
 3 267.244 25.690   4 321.769 25.688   8 197.205 12.700  16 282.250 64.056  22 244.267 23.468  26 10.941 55.333  27 178.803 37.124  31 57.563 39.311  32 143.748 23.503  
 3 267.243 25.689   4 321.769 25.689   8 197.205 12.701  16 282.252 64.056  22 244.266 23.467  26 10.941 55.332  27 178.803 37.125  31 57.564 39.311  32 143.749 23.502  
 3 267.242 25.689   4 321.769 25.689   8 197.205 12.702  16 282.254 64.056  22 244.265 23.467  26 10.942 55.331  27 178.803 37.126  31 57.565 39.311  32 143.749 23.502  
 3 267.241 25.689   4 321.769 25.690   8 197.205 12.702  16 282.256 64.056  22 244.265 23.467  26 10.943 55.331  27 178.802 37.127  31 57.566 39.310  32 143.749 23.501  
 3 267.240 25.689   4 321.769 25.691   8 197.205 12.703  16 282.258 64.057  22 244.264 23.466  26 10.944 55.330  27 178.802 37.128  31 57.567 39.310  32 143.750 23.500  
 3 267.240 25.689   4 321.769 25.691   8 197.205 12.704  16 282.260 64.057  22 244.263 23.466  26 10.945 55.329  27 178.802 37.128  31 57.568 39.310  32 143.750 23.500  
 3 267.239 25.688   4 321.769 25.692   8 197.205 12.704  16 282.262 64.057  22 244.262 23.466  26 10.945 55.329  27 178.802 37.129  31 57.569 39.310  32 143.750 23.499  
 3 267.238 25.688   4 321.769 25.693   8 197.205 12.705  16 282.264 64.057  22 244.262 23.465  26 10.946 55.328  27 178.802 37.130  31 57.570 39.310  32 143.751 23.498  
 3 267.237 25.688   4 321.769 25.693   8 197.204 12.706  16 282.266 64.057  22 244.261 23.465  26 10.947 55.328  27 178.801 37.131  31 57.571 39.310  32 143.751 23.498  
 3 267.236 25.688   4 321.768 25.694   8 197.204 12.706  16 282.268 64.057  22 244.260 23.465  26 10.948 55.327  27 178.801 37.132  31 57.572 39.309  32 143.751 23.497  
 3 267.235 25.688   4 321.768 25.695   8 197.204 12.707  16 282.270 64.057  22 244.259 23.464  26 10.948 55.326  27 178.801 37.132  31 57.573 39.309  32 143.752 23.496  
 3 267.234 25.688   4 321.768 25.695   8 197.204 12.708  16 282.272 64.058  22 244.259 23.464  26 10.949 55.326  27 178.801 37.133  31 57.574 39.309  32 143.752 23.496  
 3 267.234 25.687   4 321.768 25.696   8 197.204 12.708  16 282.274 64.058  22 244.258 23.464  26 10.950 55.325  27 178.801 37.134  31 57.574 39.309  32 143.752 23.495  
 3 267.233 25.687   4 321.768 25.697   8 197.204 12.709  16 282.276 64.058  22 244.257 23.463  26 10.951 55.325  27 178.801 37.135  31 57.575 39.309  32 143.753 23.494  
 3 267.232 25.687   4 321.768 25.697   8 197.204 12.710  16 282.278 64.058  22 244.256 23.463  26 10.952 55.324  27 178.800 37.136  31 57.576 39.308  32 143.753 23.494  
 3 267.231 25.687   4 321.768 25.698   8 197.204 12.711  16 282.280 64.058  22 244.256 23.463  26 10.952 55.323  27 178.800 37.136  31 57.577 39.308  32 143.753 23.493  
 3 267.230 25.687   4 321.768 25.699   8 197.204 12.711  16 282.282 64.058  22 244.255 23.462  26 10.953 55.323  27 178.800 37.137  31 57.578 39.308  32 143.754 23.492  
 3 267.229 25.686   4 321.768 25.699   8 197.204 12.712  16 282.284 64.059  22 244.254 23.462  26 10.954 55.322  27 178.800 37.138  31 57.579 39.308  32 143.754 23.491  
 3 267.228 25.686   4 321.768 25.700   8 197.204 12.713  16 282.286 64.059  22 244.254 23.462  26 10.955 55.321  27 178.800 37.139  31 57.580 39.308  32 143.754 23.491  
 3 267.228 25.686   4 321.768 25.701   8 197.204 12.713  16 282.288 64.059  22 244.253 23.461  26 10.956 55.321  27 178.799 37.139  31 57.581 39.307  32 143.755 23.490  
 3 267.227 25.686   4 321.768 25.701   8 197.204 12.714  16 282.290 64.059  22 244.252 23.461  26 10.956 55.320  27 178.799 37.140  31 57.582 39.307  32 143.755 23.489  
 3 267.226 25.686   4 321.768 25.702   8 197.203 12.715  16 282.292 64.059  22 244.251 23.461  26 10.957 55.320  27 178.799 37.141  31 57.583 39.307  32 143.755 23.489  
 3 267.225 25.686   4 321.767 25.703   8 197.203 12.715  16 282.294 64.059  22 244.251 23.460  26 10.958 55.319  27 178.799 37.142  31 57.584 39.307  32 143.756 23.488  
 3 267.224 25.685   4 321.767 25.703   8 197.203 12.716  16 282.296 64.059  22 244.250 23.460  26 10.959 55.318  27 178.799 37.143  31 57.585 39.306  32 143.756 23.487  
 3 267.223 25.685   4 321.767 25.704   8 197.203 12.717  16 282.298 64.059  22 244.249 23.460  26 10.959 55.318  27 178.798 37.143  31 57.586 39.306  32 143.757 23.487  
 3 267.223 25.685   4 321.767 25.705   8 197.203 12.717  16 282.300 64.060  22 244.248 23.459  26 10.960 55.317  27 178.798 37.144  31 57.587 39.306  32 143.757 23.486  
 3 267.222 25.685   4 321.767 25.705   8 197.203 12.718  16 282.302 64.060  22 244.248 23.459  26 10.961 55.316  27 178.798 37.145  31 57.588 39.306  32 143.757 23.485  
 3 267.221 25.685   4 321.767 25.706   8 197.203 12.719  16 282.304 64.060  22 244.247 23.459  26 10.962 55.316  27 178.798 37.146  31 57.589 39.306  32 143.758 23.485  
 3 267.220 25.685   4 321.767 25.707   8 197.203 12.719  16 282.306 64.060  22 244.246 23.458  26 10.963 55.315  27 178.798 37.147  31 57.590 39.306  32 143.758 23.484  
 3 267.219 25.684   4 321.767 25.707   8 197.203 12.720  16 282.308 64.060  22 244.245 23.458  26 10.963 55.315  27 178.798 37.147  31 57.590 39.305  32 143.758 23.483  
 3 267.218 25.684   4 321.767 25.708   8 197.203 12.721  16 282.310 64.060  22 244.245 23.458  26 10.964 55.314  27 178.797 37.148  31 57.591 39.305  32 143.759 23.483  
 3 267.217 25.684   4 321.767 25.709   8 197.203 12.721  16 282.312 64.060  22 244.244 23.457  26 10.965 55.313  27 178.797 37.149  31 57.592 39.305  32 143.759 23.482  
 3 267.217 25.684   4 321.767 25.709   8 197.203 12.722  16 282.314 64.061  22 244.243 23.457  26 10.966 55.313  27 178.797 37.150  31 57.593 39.305  32 143.759 23.481  
 3 267.216 25.684   4 321.767 25.710   8 197.203 12.723  16 282.316 64.061  22 244.242 23.457  26 10.966 55.312  27 178.797 37.151  31 57.594 39.305  32 143.760 23.481  
 3 267.215 25.683   4 321.766 25.711   8 197.203 12.723  16 282.318 64.061  22 244.242 23.456  26 10.967 55.311  27 178.797 37.151  31 57.595 39.304  32 143.760 23.480  
 3 267.214 25.683   4 321.766 25.711   8 197.202 12.724  16 282.320 64.061  22 244.241 23.456  26 10.968 55.311  27 178.796 37.152  31 57.596 39.304  32 143.760 23.479  
 3 267.213 25.683   4 321.766 25.712   8 197.202 12.725  16 282.322 64.061  22 244.240 23.456  26 10.969 55.310  27 178.796 37.153  31 57.597 39.304  32 143.761 23.479  
 3 267.212 25.683   4 321.766 25.713   8 197.202 12.725  16 282.324 64.061  22 244.239 23.455  26 10.970 55.310  27 178.796 37.154  31 57.598 39.304  32 143.761 23.478  
 3 267.212 25.683   4 321.766 25.713   8 197.202 12.726  16 282.326 64.062  22 244.239 23.455  26 10.970 55.309  27 178.796 37.155  31 57.599 39.303  32 143.761 23.477  
 3 267.211 25.683   4 321.766 25.714   8 197.202 12.727  16 282.328 64.062  22 244.238 23.455  26 10.971 55.308  27 178.796 37.155  31 57.600 39.303  32 143.762 23.476  
 3 267.210 25.682   4 321.766 25.715   8 197.202 12.727  16 282.330 64.062  22 244.237 23.454  26 10.972 55.308  27 178.795 37.156  31 57.601 39.303  32 143.762 23.476  
 3 267.209 25.682   4 321.766 25.715   8 197.202 12.728  16 282.332 64.062  22 244.236 23.454  26 10.973 55.307  27 178.795 37.157  31 57.602 39.303  32 143.762 23.475  
 3 267.208 25.682   4 321.766 25.716   8 197.202 12.729  16 282.334 64.062  22 244.236 23.454  26 10.973 55.306  27 178.795 37.158  31 57.603 39.303  32 143.763 23.474  
 3 267.207 25.682   4 321.766 25.716   8 197.202 12.730  16 282.336 64.062  22 244.235 23.453  26 10.974 55.306  27 178.795 37.159  31 57.604 39.302  32 143.763 23.474  
 3 267.207 25.682   4 321.766 25.717   8 197.202 12.730  16 282.338 64.062  22 244.234 23.453  26 10.975 55.305  27 178.795 37.159  31 57.605 39.302  32 143.763 23.473  
 3 267.206 25.681   4 321.766 25.718   8 197.202 12.731  16 282.340 64.062  22 244.233 23.453  26 10.976 55.305  27 178.795 37.160  31 57.606 39.302  32 143.764 23.472  
 3 267.205 25.681   4 321.766 25.719   8 197.202 12.732  16 282.342 64.063  22 244.233 23.452  26 10.977 55.304  27 178.794 37.161  31 57.606 39.302  32 143.764 23.472  
 3 267.204 25.681   4 321.765 25.719   8 197.202 12.732  16 282.344 64.063  22 244.232 23.452  26 10.977 55.303  27 178.794 37.162  31 57.607 39.302  32 143.765 23.471  
 3 267.203 25.681   4 321.765 25.720   8 197.202 12.733  16 282.346 64.063  22 244.231 23.452  26 10.978 55.303  27 178.794 37.162  31 57.608 39.302  32 143.765 23.470  
 3 267.202 25.681   4 321.765 25.721   8 197.201 12.734  16 282.348 64.063  22 244.230 23.451  26 10.979 55.302  27 178.794 37.163  31 57.609 39.301  32 143.765 23.470  
 3 267.201 25.681   4 321.765 25.721   8 197.201 12.734  16 282.350 64.063  22 244.230 23.451  26 10.980 55.302  27 178.794 37.164  31 57.610 39.301  32 143.766 23.469  
 3 267.201 25.680   4 321.765 25.722   8 197.201 12.735  16 282.352 64.063  22 244.229 23.451  26 10.981 55.301  27 178.794 37.165  31 57.611 39.301  32 143.766 23.468  
 3 267.200 25.680   4 321.765 25.723   8 197.201 12.736  16 282.354 64.064  22 244.228 23.450  26 10.981 55.300  27 178.793 37.166  31 57.612 39.301  32 143.766 23.468  
 3 267.199 25.680   4 321.765 25.723   8 197.201 12.736  16 282.356 64.064  22 244.227 23.450  26 10.982 55.300  27 178.793 37.166  31 57.613 39.301  32 143.767 23.467  
 3 267.198 25.680   4 321.765 25.724   8 197.201 12.737  16 282.358 64.064  22 244.227 23.450  26 10.983 55.299  27 178.793 37.167  31 57.614 39.300  32 143.767 23.466  
 3 267.197 25.680   4 321.765 25.725   8 197.201 12.738  16 282.360 64.064  22 244.226 23.449  26 10.984 55.298  27 178.793 37.168  31 57.615 39.300  32 143.767 23.466  
 3 267.196 25.680   4 321.765 25.725   8 197.201 12.738  16 282.362 64.064  22 244.225 23.449  26 10.984 55.298  27 178.793 37.169  31 57.616 39.300  32 143.768 23.465  
 3 267.195 25.679   4 321.765 25.726   8 197.201 12.739  16 282.364 64.064  22 244.224 23.449  26 10.985 55.297  27 178.792 37.170  31 57.617 39.300  32 143.768 23.464  
 3 267.195 25.679   4 321.765 25.727   8 197.201 12.740  16 282.366 64.064  22 244.224 23.449  26 10.986 55.297  27 178.792 37.170  31 57.618 39.299  32 143.768 23.464  
 3 267.194 25.679   4 321.764 25.727   8 197.201 12.740  16 282.368 64.065  22 244.223 23.448  26 10.987 55.296  27 178.792 37.171  31 57.619 39.299  32 143.769 23.463  
 3 267.193 25.679   4 321.764 25.728   8 197.201 12.741  16 282.370 64.065  22 244.222 23.448  26 10.988 55.295  27 178.792 37.172  31 57.620 39.299  32 143.769 23.462  
 3 267.192 25.679   4 321.764 25.729   8 197.201 12.742  16 282.372 64.065  22 244.221 23.447  26 10.988 55.295  27 178.792 37.173  31 57.621 39.299  32 143.769 23.461  
 3 267.191 25.679   4 321.764 25.729   8 197.200 12.742  16 282.374 64.065  22 244.221 23.447  26 10.989 55.294  27 178.791 37.174  31 57.622 39.299  32 143.770 23.461  
 3 267.190 25.678   4 321.764 25.730   8 197.200 12.743  16 282.376 64.065  22 244.220 23.447  26 10.990 55.293  27 178.791 37.174  31 57.623 39.298  32 143.770 23.460  
 3 267.190 25.678   4 321.764 25.731   8 197.200 12.744  16 282.378 64.065  22 244.219 23.447  26 10.991 55.293  27 178.791 37.175  31 57.624 39.298  32 143.770 23.459  
 3 267.189 25.678   4 321.764 25.731   8 197.200 12.745  16 282.380 64.065  22 244.219 23.446  26 10.991 55.292  27 178.791 37.176  31 57.624 39.298  32 143.771 23.459  
 3 267.188 25.678   4 321.764 25.732   8 197.200 12.745  16 282.382 64.066  22 244.218 23.446  26 10.992 55.292  27 178.791 37.177  31 57.625 39.298  32 143.771 23.458  
 3 267.187 25.678   4 321.764 25.733   8 197.200 12.746  16 282.384 64.066  22 244.217 23.446  26 10.993 55.291  27 178.791 37.178  31 57.626 39.298  32 143.771 23.457  
 3 267.186 25.677   4 321.764 25.733   8 197.200 12.746  16 282.386 64.066  22 244.216 23.445  26 10.994 55.290  27 178.790 37.178  31 57.627 39.298  32 143.772 23.457  
 3 267.185 25.677   4 321.764 25.734   8 197.200 12.747  16 282.388 64.066  22 244.216 23.445  26 10.995 55.290  27 178.790 37.179  31 57.628 39.297  32 143.772 23.456  
 3 267.184 25.677   4 321.764 25.735   8 197.200 12.748  16 282.390 64.066  22 244.215 23.444  26 10.995 55.289  27 178.790 37.180  31 57.629 39.297  32 143.773 23.455  
 3 267.184 25.677   4 321.764 25.735   8 197.200 12.749  16 282.392 64.066  22 244.214 23.444  26 10.996 55.289  27 178.790 37.181  31 57.630 39.297  32 143.773 23.455  
 3 267.183 25.677   4 321.763 25.736   8 197.200 12.749  16 282.394 64.066  22 244.213 23.444  26 10.997 55.288  27 178.790 37.181  31 57.631 39.297  32 143.773 23.454  
 3 267.182 25.676   4 321.763 25.737   8 197.200 12.750  16 282.396 64.066  22 244.213 23.443  26 10.998 55.287  27 178.790 37.182  31 57.632 39.296  32 143.774 23.453  
 3 267.181 25.676   4 321.763 25.737   8 197.200 12.751  16 282.398 64.067  22 244.212 23.443  26 10.998 55.287  27 178.789 37.183  31 57.633 39.296  32 143.774 23.453  
 3 267.180 25.676   4 321.763 25.738   8 197.200 12.751  16 282.400 64.067  22 244.211 23.443  26 10.999 55.286  27 178.789 37.184  31 57.634 39.296  32 143.774 23.452  
 3 267.179 25.676   4 321.763 25.739   8 197.199 12.752  16 282.402 64.067  22 244.210 23.442  26 11.000 55.285  27 178.789 37.185  31 57.635 39.296  32 143.775 23.451  
 3 267.179 25.676   4 321.763 25.739   8 197.199 12.753  16 282.404 64.067  22 244.210 23.442  26 11.001 55.285  27 178.789 37.185  31 57.636 39.296  32 143.775 23.451  
 3 267.178 25.676   4 321.763 25.740   8 197.199 12.753  16 282.406 64.067  22 244.209 23.442  26 11.002 55.284  27 178.789 37.186  31 57.637 39.295  32 143.775 23.450  
 3 267.177 25.675   4 321.763 25.741   8 197.199 12.754  16 282.408 64.067  22 244.208 23.441  26 11.002 55.284  27 178.788 37.187  31 57.638 39.295  32 143.776 23.449  
 3 267.176 25.675   4 321.763 25.741   8 197.199 12.755  16 282.410 64.068  22 244.207 23.441  26 11.003 55.283  27 178.788 37.188  31 57.639 39.295  32 143.776 23.449  
 3 267.175 25.675   4 321.763 25.742   8 197.199 12.755  16 282.412 64.068  22 244.207 23.441  26 11.004 55.282  27 178.788 37.189  31 57.640 39.295  32 143.776 23.448  
 3 267.174 25.675   4 321.763 25.743   8 197.199 12.756  16 282.414 64.068  22 244.206 23.440  26 11.005 55.282  27 178.788 37.189  31 57.640 39.295  32 143.777 23.447  
 3 267.173 25.675   4 321.763 25.743   8 197.199 12.757  16 282.416 64.068  22 244.205 23.440  26 11.006 55.281  27 178.788 37.190  31 57.641 39.295  32 143.777 23.446  
 3 267.173 25.675   4 321.762 25.744   8 197.199 12.757  16 282.418 64.068  22 244.204 23.440  26 11.006 55.281  27 178.787 37.191  31 57.642 39.294  32 143.777 23.446  
 3 267.172 25.674   4 321.762 25.745   8 197.199 12.758  16 282.420 64.068  22 244.204 23.440  26 11.007 55.280  27 178.787 37.192  31 57.643 39.294  32 143.778 23.445  
 3 267.171 25.674   4 321.762 25.745   8 197.199 12.759  16 282.422 64.068  22 244.203 23.439  26 11.008 55.279  27 178.787 37.193  31 57.644 39.294  32 143.778 23.444  
 3 267.170 25.674   4 321.762 25.746   8 197.199 12.759  16 282.424 64.069  22 244.202 23.439  26 11.009 55.279  27 178.787 37.193  31 57.645 39.294  32 143.778 23.444  
 3 267.169 25.674   4 321.762 25.747   8 197.199 12.760  16 282.426 64.069  22 244.201 23.439  26 11.009 55.278  27 178.787 37.194  31 57.646 39.293  32 143.779 23.443  
 3 267.168 25.674   4 321.762 25.747   8 197.198 12.761  16 282.428 64.069  22 244.201 23.438  26 11.010 55.277  27 178.786 37.195  31 57.647 39.293  32 143.779 23.442  
 3 267.167 25.674   4 321.762 25.748   8 197.198 12.761  16 282.430 64.069  22 244.200 23.438  26 11.011 55.277  27 178.786 37.196  31 57.648 39.293  32 143.779 23.442  
 3 267.167 25.673   4 321.762 25.749   8 197.198 12.762  16 282.432 64.069  22 244.199 23.438  26 11.012 55.276  27 178.786 37.197  31 57.649 39.293  32 143.780 23.441  
 3 267.166 25.673   4 321.762 25.749   8 197.198 12.763  16 282.434 64.069  22 244.198 23.437  26 11.013 55.276  27 178.786 37.197  31 57.650 39.293  32 143.780 23.440  
 3 267.165 25.673   4 321.762 25.750   8 197.198 12.763  16 282.436 64.069  22 244.198 23.437  26 11.013 55.275  27 178.786 37.198  31 57.651 39.293  32 143.780 23.440  
 3 267.164 25.673   4 321.762 25.751   8 197.198 12.764  16 282.438 64.070  22 244.197 23.437  26 11.014 55.274  27 178.786 37.199  31 57.652 39.292  32 143.781 23.439  
 3 267.163 25.673   4 321.762 25.751   8 197.198 12.765  16 282.440 64.070  22 244.196 23.436  26 11.015 55.274  27 178.785 37.200  31 57.653 39.292  32 143.781 23.438  
 3 267.162 25.672   4 321.761 25.752   8 197.198 12.765  16 282.442 64.070  22 244.195 23.436  26 11.016 55.273  27 178.785 37.201  31 57.654 39.292  32 143.781 23.438  
 3 267.162 25.672   4 321.761 25.753   8 197.198 12.766  16 282.444 64.070  22 244.195 23.435  26 11.016 55.272  27 178.785 37.201  31 57.655 39.292  32 143.782 23.437  
 3 267.161 25.672   4 321.761 25.753   8 197.198 12.767  16 282.446 64.070  22 244.194 23.435  26 11.017 55.272  27 178.785 37.202  31 57.656 39.292  32 143.782 23.436  
 3 267.160 25.672   4 321.761 25.754   8 197.198 12.768  16 282.448 64.070  22 244.193 23.435  26 11.018 55.271  27 178.785 37.203  31 57.657 39.291  32 143.783 23.436  
 3 267.159 25.672   4 321.761 25.755   8 197.198 12.768  16 282.450 64.070  22 244.193 23.434  26 11.019 55.271  27 178.785 37.204  31 57.657 39.291  32 143.783 23.435  
 3 267.158 25.671   4 321.761 25.755   8 197.198 12.769  16 282.452 64.070  22 244.192 23.434  26 11.020 55.270  27 178.784 37.204  31 57.658 39.291  32 143.783 23.434  
 3 267.157 25.671   4 321.761 25.756   8 197.198 12.770  16 282.454 64.071  22 244.191 23.434  26 11.020 55.269  27 178.784 37.205  31 57.659 39.291  32 143.784 23.433  
 3 267.157 25.671   4 321.761 25.757   8 197.197 12.770  16 282.456 64.071  22 244.190 23.434  26 11.021 55.269  27 178.784 37.206  31 57.660 39.290  32 143.784 23.433  
 3 267.156 25.671   4 321.761 25.757   8 197.197 12.771  16 282.458 64.071  22 244.190 23.433  26 11.022 55.268  27 178.784 37.207  31 57.661 39.290  32 143.784 23.432  
 3 267.155 25.671   4 321.761 25.758   8 197.197 12.772  16 282.460 64.071  22 244.189 23.433  26 11.023 55.267  27 178.784 37.208  31 57.662 39.290  32 143.785 23.431  
 3 267.154 25.671   4 321.761 25.759   8 197.197 12.772  16 282.462 64.071  22 244.188 23.433  26 11.024 55.267  27 178.783 37.208  31 57.663 39.290  32 143.785 23.431  
 3 267.153 25.670   4 321.761 25.759   8 197.197 12.773  16 282.464 64.071  22 244.187 23.432  26 11.024 55.266  27 178.783 37.209  31 57.664 39.290  32 143.785 23.430  
 3 267.152 25.670   4 321.761 25.760   8 197.197 12.774  16 282.466 64.071  22 244.187 23.432  26 11.025 55.266  27 178.783 37.210  31 57.665 39.290  32 143.786 23.429  
 3 267.151 25.670   4 321.760 25.761   8 197.197 12.774  16 282.468 64.072  22 244.186 23.432  26 11.026 55.265  27 178.783 37.211  31 57.666 39.289  32 143.786 23.429  
 3 267.151 25.670   4 321.760 25.761   8 197.197 12.775  16 282.470 64.072  22 244.185 23.431  26 11.027 55.264  27 178.783 37.212  31 57.667 39.289  32 143.786 23.428  
 3 267.150 25.670   4 321.760 25.762   8 197.197 12.776  16 282.472 64.072  22 244.184 23.431  26 11.027 55.264  27 178.783 37.212  31 57.668 39.289  32 143.787 23.427  
 3 267.149 25.670   4 321.760 25.763   8 197.197 12.776  16 282.474 64.072  22 244.184 23.431  26 11.028 55.263  27 178.782 37.213  31 57.669 39.289  32 143.787 23.427  
 3 267.148 25.669   4 321.760 25.763   8 197.197 12.777  16 282.476 64.072  22 244.183 23.430  26 11.029 55.263  27 178.782 37.214  31 57.670 39.288  32 143.787 23.426  
 3 267.147 25.669   4 321.760 25.764   8 197.197 12.778  16 282.478 64.072  22 244.182 23.430  26 11.030 55.262  27 178.782 37.215  31 57.671 39.288  32 143.788 23.425  
 3 267.146 25.669   4 321.760 25.765   8 197.197 12.778  16 282.480 64.073  22 244.181 23.430  26 11.031 55.261  27 178.782 37.216  31 57.672 39.288  32 143.788 23.425  
 3 267.145 25.669   4 321.760 25.765   8 197.197 12.779  16 282.482 64.073  22 244.181 23.429  26 11.031 55.261  27 178.782 37.216  31 57.673 39.288  32 143.788 23.424  
 3 267.145 25.669   4 321.760 25.766   8 197.196 12.780  16 282.484 64.073  22 244.180 23.429  26 11.032 55.260  27 178.781 37.217  31 57.673 39.288  32 143.789 23.423  
 3 267.144 25.668   4 321.760 25.767   8 197.196 12.780  16 282.486 64.073  22 244.179 23.429  26 11.033 55.259  27 178.781 37.218  31 57.674 39.287  32 143.789 23.423  
 3 267.143 25.668   4 321.760 25.767   8 197.196 12.781  16 282.488 64.073  22 244.178 23.428  26 11.034 55.259  27 178.781 37.219  31 57.675 39.287  32 143.789 23.422  
 3 267.142 25.668   4 321.760 25.768   8 197.196 12.782  16 282.490 64.073  22 244.178 23.428  26 11.034 55.258  27 178.781 37.220  31 57.676 39.287  32 143.790 23.421  
 3 267.141 25.668   4 321.759 25.769   8 197.196 12.782  16 282.492 64.073  22 244.177 23.428  26 11.035 55.258  27 178.781 37.220  31 57.677 39.287  32 143.790 23.420  
 3 267.140 25.668   4 321.759 25.769   8 197.196 12.783  16 282.494 64.074  22 244.176 23.427  26 11.036 55.257  27 178.780 37.221  31 57.678 39.287  32 143.790 23.420  
 3 267.140 25.668   4 321.759 25.770   8 197.196 12.784  16 282.496 64.074  22 244.175 23.427  26 11.037 55.256  27 178.780 37.222  31 57.679 39.286  32 143.791 23.419  
 3 267.139 25.667   4 321.759 25.771   8 197.196 12.784  16 282.498 64.074  22 244.175 23.427  26 11.038 55.256  27 178.780 37.223  31 57.680 39.286  32 143.791 23.418  
 3 267.138 25.667   4 321.759 25.771   8 197.196 12.785  16 282.500 64.074  22 244.174 23.426  26 11.038 55.255  27 178.780 37.223  31 57.681 39.286  32 143.791 23.418  
 3 267.137 25.667   4 321.759 25.772   8 197.196 12.786  16 282.502 64.074  22 244.173 23.426  26 11.039 55.254  27 178.780 37.224  31 57.682 39.286  32 143.792 23.417  
 3 267.136 25.667   4 321.759 25.773   8 197.196 12.787  16 282.504 64.074  22 244.172 23.426  26 11.040 55.254  27 178.780 37.225  31 57.683 39.286  32 143.792 23.416  
 3 267.135 25.667   4 321.759 25.773   8 197.196 12.787  16 282.506 64.074  22 244.172 23.425  26 11.041 55.253  27 178.779 37.226  31 57.684 39.285  32 143.793 23.416  
 3 267.134 25.666   4 321.759 25.774   8 197.196 12.788  16 282.508 64.075  22 244.171 23.425  26 11.041 55.253  27 178.779 37.227  31 57.685 39.285  32 143.793 23.415  
 3 267.134 25.666   4 321.759 25.775   8 197.196 12.789  16 282.510 64.075  22 244.170 23.425  26 11.042 55.252  27 178.779 37.227  31 57.686 39.285  32 143.793 23.414  
 3 267.133 25.666   4 321.759 25.775   8 197.195 12.789  16 282.512 64.075  22 244.169 23.424  26 11.043 55.251  27 178.779 37.228  31 57.687 39.285  32 143.794 23.414  
 3 267.132 25.666   4 321.759 25.776   8 197.195 12.790  16 282.514 64.075  22 244.169 23.424  26 11.044 55.251  27 178.779 37.229  31 57.688 39.285  32 143.794 23.413  
 3 267.131 25.666   4 321.759 25.777   8 197.195 12.791  16 282.516 64.075  22 244.168 23.424  26 11.045 55.250  27 178.778 37.230  31 57.689 39.284  32 143.794 23.412  
 3 267.130 25.666   4 321.758 25.777   8 197.195 12.791  16 282.518 64.075  22 244.167 23.423  26 11.045 55.249  27 178.778 37.231  31 57.689 39.284  32 143.795 23.412  
 3 267.129 25.665   4 321.758 25.778   8 197.195 12.792  16 282.520 64.075  22 244.166 23.423  26 11.046 55.249  27 178.778 37.231  31 57.690 39.284  32 143.795 23.411  
 3 267.129 25.665   4 321.758 25.779   8 197.195 12.793  16 282.522 64.075  22 244.166 23.423  26 11.047 55.248  27 178.778 37.232  31 57.691 39.284  32 143.795 23.410  
 3 267.128 25.665   4 321.758 25.779   8 197.195 12.793  16 282.524 64.076  22 244.165 23.422  26 11.048 55.248  27 178.778 37.233  31 57.692 39.284  32 143.796 23.410  
 3 267.127 25.665   4 321.758 25.780   8 197.195 12.794  16 282.526 64.076  22 244.164 23.422  26 11.048 55.247  27 178.778 37.234  31 57.693 39.283  32 143.796 23.409  
 3 267.126 25.665   4 321.758 25.781   8 197.195 12.795  16 282.528 64.076  22 244.163 23.422  26 11.049 55.246  27 178.777 37.235  31 57.694 39.283  32 143.796 23.408  
 3 267.125 25.664   4 321.758 25.781   8 197.195 12.795  16 282.530 64.076  22 244.163 23.421  26 11.050 55.246  27 178.777 37.235  31 57.695 39.283  32 143.797 23.408  
 3 267.124 25.664   4 321.758 25.782   8 197.195 12.796  16 282.532 64.076  22 244.162 23.421  26 11.051 55.245  27 178.777 37.236  31 57.696 39.283  32 143.797 23.407  
 3 267.123 25.664   4 321.758 25.783   8 197.195 12.797  16 282.534 64.076  22 244.161 23.421  26 11.052 55.245  27 178.777 37.237  31 57.697 39.283  32 143.797 23.406  
 3 267.123 25.664   4 321.758 25.783   8 197.195 12.797  16 282.536 64.077  22 244.160 23.420  26 11.052 55.244  27 178.777 37.238  31 57.698 39.282  32 143.798 23.405  
 3 267.122 25.664   4 321.758 25.784   8 197.194 12.798  16 282.538 64.077  22 244.160 23.420  26 11.053 55.243  27 178.776 37.239  31 57.699 39.282  32 143.798 23.405  
 3 267.121 25.664   4 321.758 25.785   8 197.194 12.799  16 282.540 64.077  22 244.159 23.420  26 11.054 55.243  27 178.776 37.239  31 57.700 39.282  32 143.798 23.404  
 3 267.120 25.663   4 321.757 25.785   8 197.194 12.799  16 282.542 64.077  22 244.158 23.419  26 11.055 55.242  27 178.776 37.240  31 57.701 39.282  32 143.799 23.403  
 3 267.119 25.663   4 321.757 25.786   8 197.194 12.800  16 282.544 64.077  22 244.158 23.419  26 11.056 55.241  27 178.776 37.241  31 57.702 39.282  32 143.799 23.403  
 3 267.118 25.663   4 321.757 25.787   8 197.194 12.801  16 282.546 64.077  22 244.157 23.419  26 11.056 55.241  27 178.776 37.242  31 57.703 39.281  32 143.799 23.402  
 3 267.118 25.663   4 321.757 25.787   8 197.194 12.801  16 282.548 64.077  22 244.156 23.418  26 11.057 55.240  27 178.776 37.243  31 57.704 39.281  32 143.800 23.401  
 3 267.117 25.663   4 321.757 25.788   8 197.194 12.802  16 282.550 64.077  22 244.155 23.418  26 11.058 55.240  27 178.775 37.243  31 57.705 39.281  32 143.800 23.401  
 3 267.116 25.662   4 321.757 25.789   8 197.194 12.803  16 282.552 64.078  22 244.155 23.418  26 11.059 55.239  27 178.775 37.244  31 57.705 39.281  32 143.801 23.400  
 3 267.115 25.662   4 321.757 25.789   8 197.194 12.803  16 282.554 64.078  22 244.154 23.417  26 11.059 55.238  27 178.775 37.245  31 57.706 39.281  32 143.801 23.399  
 3 267.114 25.662   4 321.757 25.790   8 197.194 12.804  16 282.556 64.078  22 244.153 23.417  26 11.060 55.238  27 178.775 37.246  31 57.707 39.280  32 143.801 23.399  
 3 267.113 25.662   4 321.757 25.791   8 197.194 12.805  16 282.558 64.078  22 244.152 23.417  26 11.061 55.237  27 178.775 37.247  31 57.708 39.280  32 143.802 23.398  
 3 267.113 25.662   4 321.757 25.791   8 197.194 12.806  16 282.560 64.078  22 244.152 23.416  26 11.062 55.236  27 178.774 37.247  31 57.709 39.280  32 143.802 23.397  
 3 267.112 25.662   4 321.757 25.792   8 197.194 12.806  16 282.562 64.078  22 244.151 23.416  26 11.062 55.236  27 178.774 37.248  31 57.710 39.280  32 143.802 23.397  
 3 267.111 25.661   4 321.757 25.793   8 197.194 12.807  16 282.564 64.078  22 244.150 23.416  26 11.063 55.235  27 178.774 37.249  31 57.711 39.280  32 143.803 23.396  
 3 267.110 25.661   4 321.756 25.793   8 197.193 12.808  16 282.566 64.079  22 244.149 23.415  26 11.064 55.235  27 178.774 37.250  31 57.712 39.279  32 143.803 23.395  
 3 267.109 25.661   4 321.756 25.794   8 197.193 12.808  16 282.568 64.079  22 244.149 23.415  26 11.065 55.234  27 178.774 37.250  31 57.713 39.279  32 143.803 23.395  
 3 267.108 25.661   4 321.756 25.795   8 197.193 12.809  16 282.570 64.079  22 244.148 23.415  26 11.066 55.233  27 178.774 37.251  31 57.714 39.279  32 143.804 23.394  
 3 267.107 25.661   4 321.756 25.795   8 197.193 12.810  16 282.572 64.079  22 244.147 23.414  26 11.066 55.233  27 178.773 37.252  31 57.715 39.279  32 143.804 23.393  
 3 267.107 25.660   4 321.756 25.796   8 197.193 12.810  16 282.574 64.079  22 244.146 23.414  26 11.067 55.232  27 178.773 37.253  31 57.716 39.279  32 143.804 23.393  
 3 267.106 25.660   4 321.756 25.797   8 197.193 12.811  16 282.576 64.079  22 244.146 23.414  26 11.068 55.232  27 178.773 37.254  31 57.717 39.278  32 143.805 23.392  
 3 267.105 25.660   4 321.756 25.797   8 197.193 12.812  16 282.578 64.079  22 244.145 23.413  26 11.069 55.231  27 178.773 37.254  31 57.718 39.278  32 143.805 23.391  
 3 267.104 25.660   4 321.756 25.798   8 197.193 12.812  16 282.580 64.080  22 244.144 23.413  26 11.070 55.230  27 178.773 37.255  31 57.719 39.278  32 143.805 23.390  
 3 267.103 25.660   4 321.756 25.799   8 197.193 12.813  16 282.582 64.080  22 244.143 23.413  26 11.070 55.230  27 178.772 37.256  31 57.720 39.278  32 143.806 23.390  
 3 267.102 25.660   4 321.756 25.799   8 197.193 12.814  16 282.584 64.080  22 244.143 23.412  26 11.071 55.229  27 178.772 37.257  31 57.721 39.278  32 143.806 23.389  
 3 267.101 25.659   4 321.756 25.800   8 197.193 12.814  16 282.586 64.080  22 244.142 23.412  26 11.072 55.228  27 178.772 37.258  31 57.722 39.277  32 143.806 23.388  
 3 267.101 25.659   4 321.756 25.801   8 197.193 12.815  16 282.588 64.080  22 244.141 23.412  26 11.073 55.228  27 178.772 37.258  31 57.722 39.277  32 143.807 23.388  
 3 267.100 25.659   4 321.755 25.801   8 197.193 12.816  16 282.590 64.080  22 244.140 23.411  26 11.073 55.227  27 178.772 37.259  31 57.723 39.277  32 143.807 23.387  
 3 267.099 25.659   4 321.755 25.802   8 197.193 12.816  16 282.592 64.080  22 244.140 23.411  26 11.074 55.227  27 178.771 37.260  31 57.724 39.277  32 143.807 23.386  
 3 267.098 25.659   4 321.755 25.803   8 197.192 12.817  16 282.594 64.081  22 244.139 23.411  26 11.075 55.226  27 178.771 37.261  31 57.725 39.277  32 143.808 23.386  
 3 267.097 25.659   4 321.755 25.803   8 197.192 12.818  16 282.596 64.081  22 244.138 23.410  26 11.076 55.225  27 178.771 37.262  31 57.726 39.276  32 143.808 23.385  
 3 267.096 25.658   4 321.755 25.804   8 197.192 12.818  16 282.598 64.081  22 244.137 23.410  26 11.077 55.225  27 178.771 37.262  31 57.727 39.276  32 143.808 23.384  
 3 267.095 25.658   4 321.755 25.805   8 197.192 12.819  16 282.600 64.081  22 244.137 23.410  26 11.077 55.224  27 178.771 37.263  31 57.728 39.276  32 143.809 23.384  
 3 267.095 25.658   4 321.755 25.805   8 197.192 12.820  16 282.602 64.081  22 244.136 23.409  26 11.078 55.224  27 178.771 37.264  31 57.729 39.276  32 143.809 23.383  
 3 267.094 25.658   4 321.755 25.806   8 197.192 12.820  16 282.604 64.081  22 244.135 23.409  26 11.079 55.223  27 178.770 37.265  31 57.730 39.276  32 143.809 23.382  
 3 267.093 25.658   4 321.755 25.807   8 197.192 12.821  16 282.606 64.081  22 244.134 23.409  26 11.080 55.222  27 178.770 37.265  31 57.731 39.275  32 143.810 23.382  
 3 267.092 25.657   4 321.755 25.807   8 197.192 12.822  16 282.608 64.082  22 244.134 23.408  26 11.080 55.222  27 178.770 37.266  31 57.732 39.275  32 143.810 23.381  
 3 267.091 25.657   4 321.755 25.808   8 197.192 12.822  16 282.610 64.082  22 244.133 23.408  26 11.081 55.221  27 178.770 37.267  31 57.733 39.275  32 143.811 23.380  
 3 267.090 25.657   4 321.755 25.809   8 197.192 12.823  16 282.612 64.082  22 244.132 23.408  26 11.082 55.220  27 178.770 37.268  31 57.734 39.275  32 143.811 23.380  
 3 267.090 25.657   4 321.755 25.809   8 197.192 12.824  16 282.614 64.082  22 244.131 23.407  26 11.083 55.220  27 178.769 37.269  31 57.735 39.275  32 143.811 23.379  
 3 267.089 25.657   4 321.754 25.810   8 197.192 12.825  16 282.616 64.082  22 244.131 23.407  26 11.084 55.219  27 178.769 37.269  31 57.736 39.274  32 143.812 23.378  
 3 267.088 25.657   4 321.754 25.811   8 197.192 12.825  16 282.618 64.082  22 244.130 23.407  26 11.084 55.218  27 178.769 37.270  31 57.737 39.274  32 143.812 23.377  
 3 267.087 25.656   4 321.754 25.811   8 197.192 12.826  16 282.620 64.082  22 244.129 23.406  26 11.085 55.218  27 178.769 37.271  31 57.738 39.274  32 143.812 23.377  
 3 267.086 25.656   4 321.754 25.812   8 197.191 12.827  16 282.622 64.083  22 244.129 23.406  26 11.086 55.217  27 178.769 37.272  31 57.739 39.274  32 143.813 23.376  
 3 267.085 25.656   4 321.754 25.813   8 197.191 12.827  16 282.624 64.083  22 244.128 23.406  26 11.087 55.217  27 178.769 37.273  31 57.739 39.274  32 143.813 23.375  
 3 267.085 25.656   4 321.754 25.813   8 197.191 12.828  16 282.626 64.083  22 244.127 23.405  26 11.087 55.216  27 178.768 37.273  31 57.740 39.273  32 143.813 23.375  
 3 267.084 25.656   4 321.754 25.814   8 197.191 12.829  16 282.628 64.083  22 244.126 23.405  26 11.088 55.215  27 178.768 37.274  31 57.741 39.273  32 143.814 23.374  
 3 267.083 25.655   4 321.754 25.815   8 197.191 12.829  16 282.630 64.083  22 244.126 23.405  26 11.089 55.215  27 178.768 37.275  31 57.742 39.273  32 143.814 23.373  
 3 267.082 25.655   4 321.754 25.815   8 197.191 12.830  16 282.632 64.083  22 244.125 23.404  26 11.090 55.214  27 178.768 37.276  31 57.743 39.273  32 143.814 23.373  
 3 267.081 25.655   4 321.754 25.816   8 197.191 12.831  16 282.634 64.083  22 244.124 23.404  26 11.091 55.213  27 178.768 37.277  31 57.744 39.273  32 143.815 23.372  
 3 267.080 25.655   4 321.754 25.817   8 197.191 12.831  16 282.636 64.084  22 244.123 23.404  26 11.091 55.213  27 178.767 37.277  31 57.745 39.272  32 143.815 23.371  
 3 267.079 25.655   4 321.754 25.817   8 197.191 12.832  16 282.638 64.084  22 244.123 23.403  26 11.092 55.212  27 178.767 37.278  31 57.746 39.272  32 143.815 23.371  
 3 267.079 25.655   4 321.753 25.818   8 197.191 12.833  16 282.640 64.084  22 244.122 23.403  26 11.093 55.212  27 178.767 37.279  31 57.747 39.272  32 143.816 23.370  
 3 267.078 25.654   4 321.753 25.819   8 197.191 12.833  16 282.642 64.084  22 244.121 23.403  26 11.094 55.211  27 178.767 37.280  31 57.748 39.272  32 143.816 23.369  
 3 267.077 25.654   4 321.753 25.819   8 197.191 12.834  16 282.644 64.084  22 244.120 23.402  26 11.094 55.210  27 178.767 37.281  31 57.749 39.272  32 143.816 23.369  
 3 267.076 25.654   4 321.753 25.820   8 197.191 12.835  16 282.646 64.084  22 244.120 23.402  26 11.095 55.210  27 178.766 37.281  31 57.750 39.271  32 143.817 23.368  
 3 267.075 25.654   4 321.753 25.821   8 197.190 12.835  16 282.648 64.084  22 244.119 23.402  26 11.096 55.209  27 178.766 37.282  31 57.751 39.271  32 143.817 23.367  
 3 267.074 25.654   4 321.753 25.821   8 197.190 12.836  16 282.650 64.085  22 244.118 23.401  26 11.097 55.209  27 178.766 37.283  31 57.752 39.271  32 143.817 23.367  
 3 267.074 25.654   4 321.753 25.822   8 197.190 12.837  16 282.652 64.085  22 244.117 23.401  26 11.098 55.208  27 178.766 37.284  31 57.753 39.271  32 143.818 23.366  
 3 267.073 25.653   4 321.753 25.823   8 197.190 12.837  16 282.654 64.085  22 244.117 23.401  26 11.098 55.207  27 178.766 37.285  31 57.754 39.271  32 143.818 23.365  
 3 267.072 25.653   4 321.753 25.823   8 197.190 12.838  16 282.656 64.085  22 244.116 23.400  26 11.099 55.207  27 178.766 37.285  31 57.755 39.271  32 143.819 23.365  
 3 267.071 25.653   4 321.753 25.824   8 197.190 12.839  16 282.658 64.085  22 244.115 23.400  26 11.100 55.206  27 178.765 37.286  31 57.755 39.270  32 143.819 23.364  
 3 267.070 25.653   4 321.753 25.825   8 197.190 12.839  16 282.660 64.085  22 244.114 23.400  26 11.101 55.205  27 178.765 37.287  31 57.756 39.270  32 143.819 23.363  
 3 267.069 25.653   4 321.753 25.825   8 197.190 12.840  16 282.662 64.085  22 244.114 23.399  26 11.101 55.205  27 178.765 37.288  31 57.757 39.270  32 143.820 23.362  
 3 267.068 25.652   4 321.752 25.826   8 197.190 12.841  16 282.664 64.085  22 244.113 23.399  26 11.102 55.204  27 178.765 37.288  31 57.758 39.270  32 143.820 23.362  
 3 267.068 25.652   4 321.752 25.827   8 197.190 12.841  16 282.666 64.086  22 244.112 23.399  26 11.103 55.204  27 178.765 37.289  31 57.759 39.269  32 143.820 23.361  
 3 267.067 25.652   4 321.752 25.827   8 197.190 12.842  16 282.668 64.086  22 244.111 23.398  26 11.104 55.203  27 178.765 37.290  31 57.760 39.269  32 143.821 23.360  
 3 267.066 25.652   4 321.752 25.828   8 197.190 12.843  16 282.670 64.086  22 244.111 23.398  26 11.105 55.202  27 178.764 37.291  31 57.761 39.269  32 143.821 23.360  
 3 267.065 25.652   4 321.752 25.829   8 197.190 12.844  16 282.672 64.086  22 244.110 23.398  26 11.105 55.202  27 178.764 37.292  31 57.762 39.269  32 143.821 23.359  
 3 267.064 25.651   4 321.752 25.829   8 197.190 12.844  16 282.674 64.086  22 244.109 23.397  26 11.106 55.201  27 178.764 37.292  31 57.763 39.269  32 143.822 23.358  
 3 267.063 25.651   4 321.752 25.830   8 197.190 12.845  16 282.676 64.086  22 244.108 23.397  26 11.107 55.200  27 178.764 37.293  31 57.764 39.268  32 143.822 23.358  
 3 267.063 25.651   4 321.752 25.831   8 197.189 12.846  16 282.678 64.086  22 244.108 23.397  26 11.108 55.200  27 178.764 37.294  31 57.765 39.268  32 143.822 23.357  
 3 267.062 25.651   4 321.752 25.831   8 197.189 12.846  16 282.680 64.087  22 244.107 23.396  26 11.109 55.199  27 178.763 37.295  31 57.766 39.268  32 143.823 23.356  
 3 267.061 25.651   4 321.752 25.832   8 197.189 12.847  16 282.682 64.087  22 244.106 23.396  26 11.109 55.199  27 178.763 37.296  31 57.767 39.268  32 143.823 23.356  
 3 267.060 25.651   4 321.752 25.833   8 197.189 12.848  16 282.684 64.087  22 244.105 23.396  26 11.110 55.198  27 178.763 37.296  31 57.768 39.268  32 143.823 23.355  
 3 267.059 25.650   4 321.752 25.833   8 197.189 12.848  16 282.686 64.087  22 244.105 23.395  26 11.111 55.197  27 178.763 37.297  31 57.769 39.267  32 143.824 23.354  
 3 267.058 25.650   4 321.751 25.834   8 197.189 12.849  16 282.688 64.087  22 244.104 23.395  26 11.112 55.197  27 178.763 37.298  31 57.770 39.267  32 143.824 23.354  
 3 267.057 25.650   4 321.751 25.835   8 197.189 12.850  16 282.690 64.087  22 244.103 23.395  26 11.112 55.196  27 178.762 37.299  31 57.771 39.267  32 143.824 23.353  
 3 267.057 25.650   4 321.751 25.835   8 197.189 12.850  16 282.692 64.087  22 244.103 23.394  26 11.113 55.196  27 178.762 37.300  31 57.771 39.267  32 143.825 23.352  
 3 267.056 25.650   4 321.751 25.836   8 197.189 12.851  16 282.694 64.088  22 244.102 23.394  26 11.114 55.195  27 178.762 37.300  31 57.772 39.267  32 143.825 23.352  
 3 267.055 25.650   4 321.751 25.837   8 197.189 12.852  16 282.696 64.088  22 244.101 23.394  26 11.115 55.194  27 178.762 37.301  31 57.773 39.266  32 143.825 23.351  
 3 267.054 25.649   4 321.751 25.837   8 197.189 12.852  16 282.698 64.088  22 244.100 23.393  26 11.116 55.194  27 178.762 37.302  31 57.774 39.266  32 143.826 23.350  
 3 267.053 25.649   4 321.751 25.838   8 197.189 12.853  16 282.700 64.088  22 244.100 23.393  26 11.116 55.193  27 178.762 37.303  31 57.775 39.266  32 143.826 23.349  
 3 267.052 25.649   4 321.751 25.839   8 197.189 12.854  16 282.702 64.088  22 244.099 23.393  26 11.117 55.193  27 178.761 37.304  31 57.776 39.266  32 143.826 23.349  
 3 267.051 25.649   4 321.751 25.839   8 197.188 12.854  16 282.704 64.088  22 244.098 23.392  26 11.118 55.192  27 178.761 37.304  31 57.777 39.266  32 143.827 23.348  
 3 267.051 25.649   4 321.751 25.840   8 197.188 12.855  16 282.706 64.088  22 244.097 23.392  26 11.119 55.191  27 178.761 37.305  31 57.778 39.265  32 143.827 23.347  
 3 267.050 25.648   4 321.751 25.841   8 197.188 12.856  16 282.708 64.089  22 244.097 23.392  26 11.119 55.191  27 178.761 37.306  31 57.779 39.265  32 143.827 23.347  
 3 267.049 25.648   4 321.751 25.841   8 197.188 12.856  16 282.710 64.089  22 244.096 23.391  26 11.120 55.190  27 178.761 37.307  31 57.780 39.265  32 143.828 23.346  
 3 267.048 25.648   4 321.750 25.842   8 197.188 12.857  16 282.712 64.089  22 244.095 23.391  26 11.121 55.189  27 178.760 37.308  31 57.781 39.265  32 143.828 23.345  
 3 267.047 25.648   4 321.750 25.843   8 197.188 12.858  16 282.714 64.089  22 244.094 23.391  26 11.122 55.189  27 178.760 37.308  31 57.782 39.265  32 143.828 23.345  
 3 267.046 25.648   4 321.750 25.843   8 197.188 12.858  16 282.716 64.089  22 244.094 23.390  26 11.123 55.188  27 178.760 37.309  31 57.783 39.264  32 143.829 23.344  
 3 267.046 25.648   4 321.750 25.844   8 197.188 12.859  16 282.718 64.089  22 244.093 23.390  26 11.123 55.187  27 178.760 37.310  31 57.784 39.264  32 143.829 23.343  
 3 267.045 25.647   4 321.750 25.845   8 197.188 12.860  16 282.720 64.089  22 244.092 23.390  26 11.124 55.187  27 178.760 37.311  31 57.785 39.264  32 143.830 23.343  
 3 267.044 25.647   4 321.750 25.845   8 197.188 12.861  16 282.722 64.090  22 244.091 23.389  26 11.125 55.186  27 178.760 37.311  31 57.786 39.264  32 143.830 23.342  
 3 267.043 25.647   4 321.750 25.846   8 197.188 12.861  16 282.724 64.090  22 244.091 23.389  26 11.126 55.186  27 178.759 37.312  31 57.787 39.264  32 143.830 23.341  
 3 267.042 25.647   4 321.750 25.847   8 197.188 12.862  16 282.726 64.090  22 244.090 23.389  26 11.126 55.185  27 178.759 37.313  31 57.788 39.263  32 143.831 23.341  
 3 267.041 25.647   4 321.750 25.847   8 197.188 12.863  16 282.728 64.090  22 244.089 23.388  26 11.127 55.184  27 178.759 37.314  31 57.788 39.263  32 143.831 23.340  
 3 267.041 25.647   4 321.750 25.848   8 197.188 12.863  16 282.730 64.090  22 244.088 23.388  26 11.128 55.184  27 178.759 37.315  31 57.789 39.263  32 143.831 23.339  
 3 267.040 25.646   4 321.750 25.849   8 197.187 12.864  16 282.732 64.090  22 244.088 23.388  26 11.129 55.183  27 178.759 37.315  31 57.790 39.263  32 143.832 23.339  
 3 267.039 25.646   4 321.750 25.849   8 197.187 12.865  16 282.734 64.090  22 244.087 23.387  26 11.130 55.183  27 178.758 37.316  31 57.791 39.263  32 143.832 23.338  
 3 267.038 25.646   4 321.749 25.850   8 197.187 12.865  16 282.736 64.091  22 244.086 23.387  26 11.130 55.182  27 178.758 37.317  31 57.792 39.262  32 143.832 23.337  
 3 267.037 25.646   4 321.749 25.851   8 197.187 12.866  16 282.738 64.091  22 244.085 23.387  26 11.131 55.181  27 178.758 37.318  31 57.793 39.262  32 143.833 23.337  
 3 267.036 25.646   4 321.749 25.851   8 197.187 12.867  16 282.740 64.091  22 244.085 23.386  26 11.132 55.181  27 178.758 37.319  31 57.794 39.262  32 143.833 23.336  
 3 267.035 25.645   4 321.749 25.852   8 197.187 12.867  16 282.742 64.091  22 244.084 23.386  26 11.133 55.180  27 178.758 37.319  31 57.795 39.262  32 143.833 23.335  
 3 267.035 25.645   4 321.749 25.853   8 197.187 12.868  16 282.744 64.091  22 244.083 23.386  26 11.133 55.179  27 178.758 37.320  31 57.796 39.262  32 143.834 23.334  
 3 267.034 25.645   4 321.749 25.853   8 197.187 12.869  16 282.746 64.091  22 244.082 23.385  26 11.134 55.179  27 178.757 37.321  31 57.797 39.261  32 143.834 23.334  
 3 267.033 25.645   4 321.749 25.854   8 197.187 12.869  16 282.748 64.091  22 244.082 23.385  26 11.135 55.178  27 178.757 37.322  31 57.798 39.261  32 143.834 23.333  
 3 267.032 25.645   4 321.749 25.855   8 197.187 12.870  16 282.750 64.092  22 244.081 23.385  26 11.136 55.178  27 178.757 37.323  31 57.799 39.261  32 143.835 23.332  
 3 267.031 25.645   4 321.749 25.855   8 197.187 12.871  16 282.752 64.092  22 244.080 23.384  26 11.137 55.177  27 178.757 37.323  31 57.800 39.261  32 143.835 23.332  
 3 267.030 25.644   4 321.749 25.856   8 197.187 12.871  16 282.754 64.092  22 244.079 23.384  26 11.137 55.176  27 178.757 37.324  31 57.801 39.261  32 143.835 23.331  
 3 267.030 25.644   4 321.749 25.857   8 197.187 12.872  16 282.756 64.092  22 244.079 23.384  26 11.138 55.176  27 178.756 37.325  31 57.802 39.260  32 143.836 23.330  
 3 267.029 25.644   4 321.749 25.857   8 197.187 12.873  16 282.758 64.092  22 244.078 23.383  26 11.139 55.175  27 178.756 37.326  31 57.803 39.260  32 143.836 23.330  
 3 267.028 25.644   4 321.748 25.858   8 197.186 12.873  16 282.760 64.092  22 244.077 23.383  26 11.140 55.175  27 178.756 37.327  31 57.804 39.260  32 143.836 23.329  
 3 267.027 25.644   4 321.748 25.859   8 197.186 12.874  16 282.762 64.092  22 244.076 23.383  26 11.140 55.174  27 178.756 37.327  31 57.805 39.260  32 143.837 23.328  
 3 267.026 25.643   4 321.748 25.859   8 197.186 12.875  16 282.764 64.092  22 244.076 23.382  26 11.141 55.173  27 178.756 37.328  31 57.805 39.260  32 143.837 23.328  
 3 267.025 25.643   4 321.748 25.860   8 197.186 12.875  16 282.766 64.093  22 244.075 23.382  26 11.142 55.173  27 178.755 37.329  31 57.806 39.259  32 143.837 23.327  
 3 267.024 25.643   4 321.748 25.861   8 197.186 12.876  16 282.768 64.093  22 244.074 23.382  26 11.143 55.172  27 178.755 37.330  31 57.807 39.259  32 143.838 23.326  
 3 267.024 25.643   4 321.748 25.861   8 197.186 12.877  16 282.770 64.093  22 244.074 23.381  26 11.144 55.171  27 178.755 37.331  31 57.808 39.259  32 143.838 23.326  
 3 267.023 25.643   4 321.748 25.862   8 197.186 12.877  16 282.772 64.093  22 244.073 23.381  26 11.144 55.171  27 178.755 37.331  31 57.809 39.259  32 143.838 23.325  
 3 267.022 25.643   4 321.748 25.863   8 197.186 12.878  16 282.774 64.093  22 244.072 23.381  26 11.145 55.170  27 178.755 37.332  31 57.810 39.259  32 143.839 23.324  
 3 267.021 25.642   4 321.748 25.864   8 197.186 12.879  16 282.776 64.093  22 244.071 23.380  26 11.146 55.170  27 178.755 37.333  31 57.811 39.258  32 143.839 23.324  
 3 267.020 25.642   4 321.748 25.864   8 197.186 12.880  16 282.778 64.093  22 244.070 23.380  26 11.147 55.169  27 178.754 37.334  31 57.812 39.258  32 143.839 23.323  
 3 267.019 25.642   4 321.748 25.865   8 197.186 12.880  16 282.780 64.094  22 244.070 23.380  26 11.147 55.168  27 178.754 37.335  31 57.813 39.258  32 143.840 23.322  
 3 267.019 25.642   4 321.748 25.865   8 197.186 12.881  16 282.782 64.094  22 244.069 23.379  26 11.148 55.168  27 178.754 37.335  31 57.814 39.258  32 143.840 23.322  
 3 267.018 25.642   4 321.748 25.866   8 197.186 12.882  16 282.784 64.094  22 244.068 23.379  26 11.149 55.167  27 178.754 37.336  31 57.815 39.258  32 143.841 23.321  
 3 267.017 25.641   4 321.747 25.867   8 197.186 12.882  16 282.786 64.094  22 244.068 23.379  26 11.150 55.166  27 178.754 37.337  31 57.816 39.257  32 143.841 23.320  
 3 267.016 25.641   4 321.747 25.867   8 197.185 12.883  16 282.788 64.094  22 244.067 23.378  26 11.151 55.166  27 178.753 37.338  31 57.817 39.257  32 143.841 23.319  
 3 267.015 25.641   4 321.747 25.868   8 197.185 12.884  16 282.790 64.094  22 244.066 23.378  26 11.151 55.165  27 178.753 37.338  31 57.818 39.257  32 143.842 23.319  
 3 267.014 25.641   4 321.747 25.869   8 197.185 12.884  16 282.792 64.094  22 244.065 23.378  26 11.152 55.165  27 178.753 37.339  31 57.819 39.257  32 143.842 23.318  
 3 267.013 25.641   4 321.747 25.869   8 197.185 12.885  16 282.794 64.094  22 244.065 23.377  26 11.153 55.164  27 178.753 37.340  31 57.820 39.257  32 143.842 23.317  
 3 267.013 25.640   4 321.747 25.870   8 197.185 12.886  16 282.796 64.095  22 244.064 23.377  26 11.154 55.163  27 178.753 37.341  31 57.821 39.256  32 143.843 23.317  
 3 267.012 25.640   4 321.747 25.871   8 197.185 12.886  16 282.798 64.095  22 244.063 23.377  26 11.154 55.163  27 178.753 37.342  31 57.821 39.256  32 143.843 23.316  
 3 267.011 25.640   4 321.747 25.871   8 197.185 12.887  16 282.800 64.095  22 244.062 23.376  26 11.155 55.162  27 178.752 37.342  31 57.822 39.256  32 143.843 23.315  
 3 267.010 25.640   4 321.747 25.872   8 197.185 12.888  16 282.802 64.095  22 244.062 23.376  26 11.156 55.161  27 178.752 37.343  31 57.823 39.256  32 143.844 23.315  
 3 267.009 25.640   4 321.747 25.873   8 197.185 12.888  16 282.804 64.095  22 244.061 23.376  26 11.157 55.161  27 178.752 37.344  31 57.824 39.256  32 143.844 23.314  
 3 267.008 25.640   4 321.747 25.873   8 197.185 12.889  16 282.806 64.095  22 244.060 23.375  26 11.158 55.160  27 178.752 37.345  31 57.825 39.255  32 143.844 23.313  
 3 267.008 25.639   4 321.747 25.874   8 197.185 12.890  16 282.808 64.095  22 244.059 23.375  26 11.158 55.160  27 178.752 37.346  31 57.826 39.255  32 143.845 23.313  
 3 267.007 25.639   4 321.746 25.875   8 197.185 12.890  16 282.810 64.096  22 244.059 23.375  26 11.159 55.159  27 178.751 37.346  31 57.827 39.255  32 143.845 23.312  
 3 267.006 25.639   4 321.746 25.875   8 197.185 12.891  16 282.812 64.096  22 244.058 23.374  26 11.160 55.158  27 178.751 37.347  31 57.828 39.255  32 143.845 23.311  
 3 267.005 25.639   4 321.746 25.876   8 197.185 12.892  16 282.814 64.096  22 244.057 23.374  26 11.161 55.158  27 178.751 37.348  31 57.829 39.255  32 143.846 23.311  
 3 267.004 25.639   4 321.746 25.877   8 197.184 12.892  16 282.816 64.096  22 244.056 23.374  26 11.161 55.157  27 178.751 37.349  31 57.830 39.254  32 143.846 23.310  
 3 267.003 25.639   4 321.746 25.877   8 197.184 12.893  16 282.818 64.096  22 244.056 23.373  26 11.162 55.157  27 178.751 37.350  31 57.831 39.254  32 143.846 23.309  
 3 267.002 25.638   4 321.746 25.878   8 197.184 12.894  16 282.820 64.096  22 244.055 23.373  26 11.163 55.156  27 178.751 37.350  31 57.832 39.254  32 143.847 23.309  
 3 267.002 25.638   4 321.746 25.879   8 197.184 12.894  16 282.822 64.096  22 244.054 23.373  26 11.164 55.155  27 178.750 37.351  31 57.833 39.254  32 143.847 23.308  
 3 267.001 25.638   4 321.746 25.879   8 197.184 12.895  16 282.824 64.097  22 244.053 23.372  26 11.165 55.155  27 178.750 37.352  31 57.834 39.254  32 143.847 23.307  
 3 267.000 25.638   4 321.746 25.880   8 197.184 12.896  16 282.826 64.097  22 244.053 23.372  26 11.165 55.154  27 178.750 37.353  31 57.835 39.253  32 143.848 23.307  
 3 266.999 25.638   4 321.746 25.881   8 197.184 12.897  16 282.828 64.097  22 244.052 23.372  26 11.166 55.153  27 178.750 37.354  31 57.836 39.253  32 143.848 23.306  
 3 266.998 25.637   4 321.746 25.881   8 197.184 12.897  16 282.830 64.097  22 244.051 23.371  26 11.167 55.153  27 178.750 37.354  31 57.837 39.253  32 143.848 23.305  
 3 266.997 25.637   4 321.746 25.882   8 197.184 12.898  16 282.832 64.097  22 244.050 23.371  26 11.168 55.152  27 178.749 37.355  31 57.837 39.253  32 143.849 23.304  
 3 266.997 25.637   4 321.745 25.883   8 197.184 12.899  16 282.834 64.097  22 244.050 23.371  26 11.168 55.152  27 178.749 37.356  31 57.838 39.253  32 143.849 23.304  
 3 266.996 25.637   4 321.745 25.884   8 197.184 12.899  16 282.836 64.097  22 244.049 23.370  26 11.169 55.151  27 178.749 37.357  31 57.839 39.252  32 143.849 23.303  
 3 266.995 25.637   4 321.745 25.884   8 197.184 12.900  16 282.838 64.098  22 244.048 23.370  26 11.170 55.150  27 178.749 37.357  31 57.840 39.252  32 143.850 23.302  
 3 266.994 25.637   4 321.745 25.885   8 197.184 12.901  16 282.840 64.098  22 244.047 23.370  26 11.171 55.150  27 178.749 37.358  31 57.841 39.252  32 143.850 23.302  
 3 266.993 25.636   4 321.745 25.885   8 197.183 12.901  16 282.842 64.098  22 244.047 23.369  26 11.172 55.149  27 178.748 37.359  31 57.842 39.252  32 143.851 23.301  
 3 266.992 25.636   4 321.745 25.886   8 197.183 12.902  16 282.844 64.098  22 244.046 23.369  26 11.172 55.148  27 178.748 37.360  31 57.843 39.252  32 143.851 23.300  
 3 266.991 25.636   4 321.745 25.887   8 197.183 12.903  16 282.846 64.098  22 244.045 23.369  26 11.173 55.148  27 178.748 37.361  31 57.844 39.251  32 143.851 23.300  
 3 266.991 25.636   4 321.745 25.887   8 197.183 12.903  16 282.848 64.098  22 244.045 23.368  26 11.174 55.147  27 178.748 37.361  31 57.845 39.251  32 143.852 23.299  
 3 266.990 25.636   4 321.745 25.888   8 197.183 12.904  16 282.850 64.098  22 244.044 23.368  26 11.175 55.147  27 178.748 37.362  31 57.846 39.251  32 143.852 23.298  
 3 266.989 25.636   4 321.745 25.889   8 197.183 12.905  16 282.852 64.099  22 244.043 23.368  26 11.176 55.146  27 178.748 37.363  31 57.847 39.251  32 143.852 23.298  
 3 266.988 25.635   4 321.745 25.890   8 197.183 12.905  16 282.854 64.099  22 244.042 23.367  26 11.176 55.145  27 178.747 37.364  31 57.848 39.251  32 143.853 23.297  
 3 266.987 25.635   4 321.745 25.890   8 197.183 12.906  16 282.856 64.099  22 244.042 23.367  26 11.177 55.145  27 178.747 37.365  31 57.849 39.250  32 143.853 23.296  
 3 266.986 25.635   4 321.744 25.891   8 197.183 12.907  16 282.858 64.099  22 244.041 23.367  26 11.178 55.144  27 178.747 37.365  31 57.850 39.250  32 143.853 23.296  
 3 266.985 25.635   4 321.744 25.892   8 197.183 12.907  16 282.860 64.099  22 244.040 23.366  26 11.179 55.144  27 178.747 37.366  31 57.851 39.250  32 143.854 23.295  
 3 266.985 25.635   4 321.744 25.892   8 197.183 12.908  16 282.862 64.099  22 244.039 23.366  26 11.179 55.143  27 178.747 37.367  31 57.852 39.250  32 143.854 23.294  
 3 266.984 25.634   4 321.744 25.893   8 197.183 12.909  16 282.864 64.099  22 244.039 23.366  26 11.180 55.142  27 178.746 37.368  31 57.853 39.250  32 143.854 23.293  
 3 266.983 25.634   4 321.744 25.893   8 197.183 12.909  16 282.866 64.100  22 244.038 23.365  26 11.181 55.142  27 178.746 37.369  31 57.853 39.249  32 143.855 23.293  
 3 266.982 25.634   4 321.744 25.894   8 197.183 12.910  16 282.868 64.100  22 244.037 23.365  26 11.182 55.141  27 178.746 37.369  31 57.854 39.249  32 143.855 23.292  
 3 266.981 25.634   4 321.744 25.895   8 197.182 12.911  16 282.870 64.100  22 244.036 23.365  26 11.182 55.140  27 178.746 37.370  31 57.855 39.249  32 143.855 23.291  
 3 266.980 25.634   4 321.744 25.896   8 197.182 12.911  16 282.872 64.100  22 244.036 23.364  26 11.183 55.140  27 178.746 37.371  31 57.856 39.249  32 143.856 23.291  
 3 266.980 25.633   4 321.744 25.896   8 197.182 12.912  16 282.874 64.100  22 244.035 23.364  26 11.184 55.139  27 178.746 37.372  31 57.857 39.249  32 143.856 23.290  
 3 266.979 25.633   4 321.744 25.897   8 197.182 12.913  16 282.876 64.100  22 244.034 23.364  26 11.185 55.139  27 178.745 37.373  31 57.858 39.248  32 143.856 23.289  
 3 266.978 25.633   4 321.744 25.898   8 197.182 12.913  16 282.878 64.100  22 244.033 23.363  26 11.186 55.138  27 178.745 37.373  31 57.859 39.248  32 143.857 23.289  
 3 266.977 25.633   4 321.744 25.898   8 197.182 12.914  16 282.880 64.100  22 244.033 23.363  26 11.186 55.137  27 178.745 37.374  31 57.860 39.248  32 143.857 23.288  
 3 266.976 25.633   4 321.743 25.899   8 197.182 12.915  16 282.882 64.101  22 244.032 23.363  26 11.187 55.137  27 178.745 37.375  31 57.861 39.248  32 143.857 23.287  
 3 266.975 25.633   4 321.743 25.900   8 197.182 12.915  16 282.884 64.101  22 244.031 23.362  26 11.188 55.136  27 178.745 37.376  31 57.862 39.248  32 143.858 23.287  
 3 266.975 25.632   4 321.743 25.900   8 197.182 12.916  16 282.886 64.101  22 244.030 23.362  26 11.189 55.136  27 178.744 37.377  31 57.863 39.247  32 143.858 23.286  
 3 266.974 25.632   4 321.743 25.901   8 197.182 12.917  16 282.888 64.101  22 244.030 23.362  26 11.189 55.135  27 178.744 37.377  31 57.864 39.247  32 143.858 23.285  
 3 266.973 25.632   4 321.743 25.902   8 197.182 12.918  16 282.890 64.101  22 244.029 23.361  26 11.190 55.134  27 178.744 37.378  31 57.865 39.247  32 143.859 23.285  
 3 266.972 25.632   4 321.743 25.902   8 197.182 12.918  16 282.892 64.101  22 244.028 23.361  26 11.191 55.134  27 178.744 37.379  31 57.866 39.247  32 143.859 23.284  
 3 266.971 25.632   4 321.743 25.903   8 197.182 12.919  16 282.894 64.101  22 244.027 23.361  26 11.192 55.133  27 178.744 37.380  31 57.867 39.247  32 143.859 23.283  
 3 266.970 25.631   4 321.743 25.904   8 197.182 12.920  16 282.896 64.102  22 244.027 23.360  26 11.193 55.132  27 178.744 37.381  31 57.868 39.246  32 143.860 23.283  
 3 266.969 25.631   4 321.743 25.904   8 197.181 12.920  16 282.898 64.102  22 244.026 23.360  26 11.193 55.132  27 178.743 37.381  31 57.869 39.246  32 143.860 23.282  
 3 266.969 25.631   4 321.743 25.905   8 197.181 12.921  16 282.900 64.102  22 244.025 23.360  26 11.194 55.131  27 178.743 37.382  31 57.870 39.246  32 143.860 23.281  
 3 266.968 25.631   4 321.743 25.906   8 197.181 12.922  16 282.902 64.102  22 244.024 23.359  26 11.195 55.130  27 178.743 37.383  31 57.870 39.246  32 143.861 23.281  
 3 266.967 25.631   4 321.743 25.906   8 197.181 12.922  16 282.904 64.102  22 244.024 23.359  26 11.196 55.130  27 178.743 37.384  31 57.871 39.246  32 143.861 23.280  
 3 266.966 25.631   4 321.742 25.907   8 197.181 12.923  16 282.906 64.102  22 244.023 23.359  26 11.196 55.129  27 178.743 37.385  31 57.872 39.245  32 143.862 23.279  
 3 266.965 25.630   4 321.742 25.908   8 197.181 12.924  16 282.908 64.102  22 244.022 23.358  26 11.197 55.129  27 178.742 37.385  31 57.873 39.245  32 143.862 23.279  
 3 266.964 25.630   4 321.742 25.908   8 197.181 12.924  16 282.910 64.103  22 244.022 23.358  26 11.198 55.128  27 178.742 37.386  31 57.874 39.245  32 143.862 23.278  
 3 266.964 25.630   4 321.742 25.909   8 197.181 12.925  16 282.912 64.103  22 244.021 23.358  26 11.199 55.127  27 178.742 37.387  31 57.875 39.245  32 143.863 23.277  
 3 266.963 25.630   4 321.742 25.910   8 197.181 12.926  16 282.914 64.103  22 244.020 23.357  26 11.200 55.127  27 178.742 37.388  31 57.876 39.245  32 143.863 23.276  
 3 266.962 25.630   4 321.742 25.910   8 197.181 12.926  16 282.917 64.103  22 244.019 23.357  26 11.200 55.126  27 178.742 37.388  31 57.877 39.244  32 143.863 23.276  
 3 266.961 25.630   4 321.742 25.911   8 197.181 12.927  16 282.918 64.103  22 244.019 23.357  26 11.201 55.126  27 178.741 37.389  31 57.878 39.244  32 143.864 23.275  
 3 266.960 25.629   4 321.742 25.912   8 197.181 12.928  16 282.920 64.103  22 244.018 23.356  26 11.202 55.125  27 178.741 37.390  31 57.879 39.244  32 143.864 23.274  
 3 266.959 25.629   4 321.742 25.912   8 197.181 12.928  16 282.922 64.103  22 244.017 23.356  26 11.203 55.124  27 178.741 37.391  31 57.880 39.244  32 143.864 23.274  
 3 266.958 25.629   4 321.742 25.913   8 197.181 12.929  16 282.924 64.103  22 244.016 23.356  26 11.203 55.124  27 178.741 37.392  31 57.881 39.244  32 143.865 23.273  
 3 266.958 25.629   4 321.742 25.914   8 197.181 12.930  16 282.926 64.104  22 244.016 23.355  26 11.204 55.123  27 178.741 37.392  31 57.882 39.243  32 143.865 23.272  
 3 266.957 25.629   4 321.742 25.914   8 197.180 12.930  16 282.928 64.104  22 244.015 23.355  26 11.205 55.123  27 178.741 37.393  31 57.883 39.243  32 143.865 23.272  
 3 266.956 25.628   4 321.741 25.915   8 197.180 12.931  16 282.930 64.104  22 244.014 23.355  26 11.206 55.122  27 178.740 37.394  31 57.884 39.243  32 143.866 23.271  
 3 266.955 25.628   4 321.741 25.916   8 197.180 12.932  16 282.932 64.104  22 244.013 23.354  26 11.207 55.121  27 178.740 37.395  31 57.885 39.243  32 143.866 23.270  
 3 266.954 25.628   4 321.741 25.916   8 197.180 12.932  16 282.934 64.104  22 244.013 23.354  26 11.207 55.121  27 178.740 37.396  31 57.886 39.243  32 143.866 23.270  
 3 266.953 25.628   4 321.741 25.917   8 197.180 12.933  16 282.936 64.104  22 244.012 23.354  26 11.208 55.120  27 178.740 37.396  31 57.886 39.242  32 143.867 23.269  
 3 266.953 25.628   4 321.741 25.918   8 197.180 12.934  16 282.938 64.104  22 244.011 23.353  26 11.209 55.119  27 178.740 37.397  31 57.887 39.242  32 143.867 23.268  
 3 266.952 25.627   4 321.741 25.918   8 197.180 12.935  16 282.940 64.105  22 244.010 23.353  26 11.210 55.119  27 178.739 37.398  31 57.888 39.242  32 143.867 23.268  
 3 266.951 25.627   4 321.741 25.919   8 197.180 12.935  16 282.942 64.105  22 244.010 23.353  26 11.211 55.118  27 178.739 37.399  31 57.889 39.242  32 143.868 23.267  
 3 266.950 25.627   4 321.741 25.920   8 197.180 12.936  16 282.944 64.105  22 244.009 23.352  26 11.211 55.118  27 178.739 37.400  31 57.890 39.242  32 143.868 23.266  
 3 266.949 25.627   4 321.741 25.920   8 197.180 12.937  16 282.946 64.105  22 244.008 23.352  26 11.212 55.117  27 178.739 37.400  31 57.891 39.241  32 143.868 23.265  
 3 266.948 25.627   4 321.741 25.921   8 197.180 12.937  16 282.948 64.105  22 244.007 23.352  26 11.213 55.116  27 178.739 37.401  31 57.892 39.241  32 143.869 23.265  
 3 266.947 25.627   4 321.741 25.922   8 197.180 12.938  16 282.950 64.105  22 244.007 23.351  26 11.214 55.116  27 178.739 37.402  31 57.893 39.241  32 143.869 23.264  
 3 266.947 25.626   4 321.741 25.922   8 197.180 12.939  16 282.953 64.105  22 244.006 23.351  26 11.214 55.115  27 178.738 37.403  31 57.894 39.241  32 143.869 23.263  
 3 266.946 25.626   4 321.740 25.923   8 197.179 12.939  16 282.955 64.106  22 244.005 23.351  26 11.215 55.114  27 178.738 37.404  31 57.895 39.241  32 143.870 23.263  
 3 266.945 25.626   4 321.740 25.924   8 197.179 12.940  16 282.957 64.106  22 244.004 23.350  26 11.216 55.114  27 178.738 37.404  31 57.896 39.240  32 143.870 23.262  
 3 266.944 25.626   4 321.740 25.924   8 197.179 12.941  16 282.959 64.106  22 244.004 23.350  26 11.217 55.113  27 178.738 37.405  31 57.897 39.240  32 143.870 23.261  
 3 266.943 25.626   4 321.740 25.925   8 197.179 12.941  16 282.961 64.106  22 244.003 23.350  26 11.217 55.113  27 178.738 37.406  31 57.898 39.240  32 143.871 23.261  
 3 266.942 25.626   4 321.740 25.926   8 197.179 12.942  16 282.962 64.106  22 244.002 23.349  26 11.218 55.112  27 178.737 37.407  31 57.899 39.240  32 143.871 23.260  
 3 266.942 25.625   4 321.740 25.926   8 197.179 12.943  16 282.964 64.106  22 244.001 23.349  26 11.219 55.111  27 178.737 37.407  31 57.900 39.240  32 143.872 23.259  
 3 266.941 25.625   4 321.740 25.927   8 197.179 12.943  16 282.966 64.106  22 244.001 23.349  26 11.220 55.111  27 178.737 37.408  31 57.901 39.239  32 143.872 23.259  
 3 266.940 25.625   4 321.740 25.928   8 197.179 12.944  16 282.969 64.107  22 244.000 23.348  26 11.221 55.110  27 178.737 37.409  31 57.902 39.239  32 143.872 23.258  
 3 266.939 25.625   4 321.740 25.928   8 197.179 12.945  16 282.971 64.107  22 243.999 23.348  26 11.221 55.109  27 178.737 37.410  31 57.902 39.239  32 143.872 23.257  
 3 266.938 25.625   4 321.740 25.929   8 197.179 12.945  16 282.973 64.107  22 243.998 23.348  26 11.222 55.109  27 178.737 37.411  31 57.903 39.239  32 143.873 23.257  
 3 266.937 25.624   4 321.740 25.930   8 197.179 12.946  16 282.975 64.107  22 243.998 23.347  26 11.223 55.108  27 178.736 37.411  31 57.904 39.238  32 143.873 23.256  
 3 266.936 25.624   4 321.740 25.930   8 197.179 12.947  16 282.976 64.107  22 243.997 23.347  26 11.224 55.108  27 178.736 37.412  31 57.905 39.238  32 143.874 23.255  
 3 266.936 25.624   4 321.739 25.931   8 197.179 12.947  16 282.979 64.107  22 243.996 23.347  26 11.225 55.107  27 178.736 37.413  31 57.906 39.238  32 143.874 23.255  
 3 266.935 25.624   4 321.739 25.932   8 197.179 12.948  16 282.981 64.107  22 243.995 23.346  26 11.225 55.106  27 178.736 37.414  31 57.907 39.238  32 143.874 23.254  
 3 266.934 25.624   4 321.739 25.932   8 197.178 12.949  16 282.983 64.107  22 243.995 23.346  26 11.226 55.106  27 178.736 37.415  31 57.908 39.238  32 143.875 23.253  
 3 266.933 25.624   4 321.739 25.933   8 197.178 12.949  16 282.985 64.108  22 243.994 23.346  26 11.227 55.105  27 178.735 37.415  31 57.909 39.237  32 143.875 23.253  
 3 266.932 25.623   4 321.739 25.934   8 197.178 12.950  16 282.987 64.108  22 243.993 23.345  26 11.228 55.104  27 178.735 37.416  31 57.910 39.237  32 143.875 23.252  
 3 266.931 25.623   4 321.739 25.934   8 197.178 12.951  16 282.989 64.108  22 243.993 23.345  26 11.228 55.104  27 178.735 37.417  31 57.911 39.237  32 143.876 23.251  
 3 266.931 25.623   4 321.739 25.935   8 197.178 12.952  16 282.991 64.108  22 243.992 23.345  26 11.229 55.103  27 178.735 37.418  31 57.912 39.237  32 143.876 23.250  
 3 266.930 25.623   4 321.739 25.936   8 197.178 12.952  16 282.993 64.108  22 243.991 23.344  26 11.230 55.103  27 178.735 37.419  31 57.913 39.237  32 143.876 23.250  
 3 266.929 25.623   4 321.739 25.936   8 197.178 12.953  16 282.995 64.108  22 243.990 23.344  26 11.231 55.102  27 178.735 37.419  31 57.914 39.236  32 143.877 23.249  
 3 266.928 25.622   4 321.739 25.937   8 197.178 12.954  16 282.997 64.108  22 243.990 23.344  26 11.231 55.101  27 178.734 37.420  31 57.915 39.236  32 143.877 23.248  
 3 266.927 25.622   4 321.739 25.938   8 197.178 12.954  16 282.999 64.109  22 243.989 23.343  26 11.232 55.101  27 178.734 37.421  31 57.916 39.236  32 143.877 23.248  
 3 266.926 25.622   4 321.738 25.938   8 197.178 12.955  16 283.001 64.109  22 243.988 23.343  26 11.233 55.100  27 178.734 37.422  31 57.917 39.236  32 143.878 23.247  
 3 266.925 25.622   4 321.738 25.939   8 197.178 12.956  16 283.003 64.109  22 243.987 23.343  26 11.234 55.100  27 178.734 37.423  31 57.918 39.236  32 143.878 23.246  
 3 266.925 25.622   4 321.738 25.940   8 197.178 12.956  16 283.005 64.109  22 243.987 23.342  26 11.235 55.099  27 178.734 37.423  31 57.919 39.236  32 143.878 23.246  
 3 266.924 25.622   4 321.738 25.940   8 197.178 12.957  16 283.007 64.109  22 243.986 23.342  26 11.235 55.098  27 178.733 37.424  31 57.919 39.235  32 143.879 23.245  
 3 266.923 25.621   4 321.738 25.941   8 197.178 12.958  16 283.009 64.109  22 243.985 23.342  26 11.236 55.098  27 178.733 37.425  31 57.920 39.235  32 143.879 23.244  
 3 266.922 25.621   4 321.738 25.942   8 197.177 12.958  16 283.011 64.109  22 243.984 23.341  26 11.237 55.097  27 178.733 37.426  31 57.921 39.235  32 143.879 23.244  
 3 266.921 25.621   4 321.738 25.942   8 197.177 12.959  16 283.013 64.109  22 243.984 23.341  26 11.238 55.096  27 178.733 37.427  31 57.922 39.235  32 143.880 23.243  
 3 266.920 25.621   4 321.738 25.943   8 197.177 12.960  16 283.015 64.110  22 243.983 23.341  26 11.238 55.096  27 178.733 37.427  31 57.923 39.234  32 143.880 23.242  
 3 266.920 25.621   4 321.738 25.944   8 197.177 12.960  16 283.017 64.110  22 243.982 23.340  26 11.239 55.095  27 178.732 37.428  31 57.924 39.234  32 143.880 23.242  
 3 266.919 25.620   4 321.738 25.944   8 197.177 12.961  16 283.019 64.110  22 243.981 23.340  26 11.240 55.095  27 178.732 37.429  31 57.925 39.234  32 143.881 23.241  
 3 266.918 25.620   4 321.738 25.945   8 197.177 12.962  16 283.021 64.110  22 243.981 23.340  26 11.241 55.094  27 178.732 37.430  31 57.926 39.234  32 143.881 23.240  
 3 266.917 25.620   4 321.738 25.946   8 197.177 12.962  16 283.023 64.110  22 243.980 23.339  26 11.242 55.093  27 178.732 37.431  31 57.927 39.234  32 143.881 23.240  
 3 266.916 25.620   4 321.738 25.946   8 197.177 12.963  16 283.025 64.110  22 243.979 23.339  26 11.242 55.093  27 178.732 37.431  31 57.928 39.233  32 143.882 23.239  
 3 266.915 25.620   4 321.737 25.947   8 197.177 12.964  16 283.027 64.110  22 243.978 23.339  26 11.243 55.092  27 178.732 37.432  31 57.929 39.233  32 143.882 23.238  
 3 266.914 25.620   4 321.737 25.948   8 197.177 12.964  16 283.029 64.111  22 243.978 23.338  26 11.244 55.092  27 178.731 37.433  31 57.930 39.233  32 143.882 23.237  
 3 266.914 25.619   4 321.737 25.948   8 197.177 12.965  16 283.031 64.111  22 243.977 23.338  26 11.245 55.091  27 178.731 37.434  31 57.931 39.233  32 143.883 23.237  
 3 266.913 25.619   4 321.737 25.949   8 197.177 12.966  16 283.033 64.111  22 243.976 23.338  26 11.245 55.090  27 178.731 37.434  31 57.932 39.233  32 143.883 23.236  
 3 266.912 25.619   4 321.737 25.950   8 197.177 12.966  16 283.035 64.111  22 243.975 23.337  26 11.246 55.090  27 178.731 37.435  31 57.933 39.233  32 143.883 23.235  
 3 266.911 25.619   4 321.737 25.950   8 197.177 12.967  16 283.037 64.111  22 243.975 23.337  26 11.247 55.089  27 178.731 37.436  31 57.934 39.232  32 143.884 23.235  
 3 266.910 25.619   4 321.737 25.951   8 197.176 12.968  16 283.039 64.111  22 243.974 23.337  26 11.248 55.088  27 178.730 37.437  31 57.935 39.232  32 143.884 23.234  
 3 266.909 25.618   4 321.737 25.952   8 197.176 12.969  16 283.041 64.111  22 243.973 23.336  26 11.249 55.088  27 178.730 37.438  31 57.935 39.232  32 143.885 23.233  
 3 266.909 25.618   4 321.737 25.952   8 197.176 12.969  16 283.043 64.111  22 243.972 23.336  26 11.249 55.087  27 178.730 37.438  31 57.936 39.232  32 143.885 23.233  
 3 266.908 25.618   4 321.737 25.953   8 197.176 12.970  16 283.045 64.112  22 243.972 23.336  26 11.250 55.087  27 178.730 37.439  31 57.937 39.232  32 143.885 23.232  
 3 266.907 25.618   4 321.737 25.954   8 197.176 12.971  16 283.047 64.112  22 243.971 23.335  26 11.251 55.086  27 178.730 37.440  31 57.938 39.231  32 143.886 23.231  
 3 266.906 25.618   4 321.736 25.954   8 197.176 12.971  16 283.049 64.112  22 243.970 23.335  26 11.252 55.085  27 178.730 37.441  31 57.939 39.231  32 143.886 23.231  
 3 266.905 25.618   4 321.736 25.955   8 197.176 12.972  16 283.051 64.112  22 243.969 23.335  26 11.252 55.085  27 178.729 37.442  31 57.940 39.231  32 143.886 23.230  
 3 266.904 25.617   4 321.736 25.956   8 197.176 12.973  16 283.053 64.112  22 243.969 23.334  26 11.253 55.084  27 178.729 37.442  31 57.941 39.231  32 143.887 23.229  
 3 266.903 25.617   4 321.736 25.956   8 197.176 12.973  16 283.055 64.112  22 243.968 23.334  26 11.254 55.083  27 178.729 37.443  31 57.942 39.230  32 143.887 23.229  
 3 266.903 25.617   4 321.736 25.957   8 197.176 12.974  16 283.057 64.112  22 243.967 23.334  26 11.255 55.083  27 178.729 37.444  31 57.943 39.230  32 143.887 23.228  
 3 266.902 25.617   4 321.736 25.958   8 197.176 12.975  16 283.059 64.113  22 243.967 23.333  26 11.256 55.082  27 178.729 37.445  31 57.944 39.230  32 143.888 23.227  
 3 266.901 25.617   4 321.736 25.958   8 197.176 12.975  16 283.061 64.113  22 243.966 23.333  26 11.256 55.082  27 178.728 37.446  31 57.945 39.230  32 143.888 23.227  
 3 266.900 25.616   4 321.736 25.959   8 197.176 12.976  16 283.063 64.113  22 243.965 23.333  26 11.257 55.081  27 178.728 37.446  31 57.946 39.230  32 143.888 23.226  
 3 266.899 25.616   4 321.736 25.960   8 197.176 12.977  16 283.065 64.113  22 243.964 23.332  26 11.258 55.080  27 178.728 37.447  31 57.947 39.230  32 143.889 23.225  
 3 266.898 25.616   4 321.736 25.960   8 197.175 12.977  16 283.067 64.113  22 243.964 23.332  26 11.259 55.080  27 178.728 37.448  31 57.948 39.229  32 143.889 23.225  
 3 266.898 25.616   4 321.736 25.961   8 197.175 12.978  16 283.069 64.113  22 243.963 23.332  26 11.259 55.079  27 178.728 37.449  31 57.949 39.229  32 143.889 23.224  
 3 266.897 25.616   4 321.736 25.962   8 197.175 12.979  16 283.071 64.113  22 243.962 23.331  26 11.260 55.079  27 178.728 37.450  31 57.950 39.229  32 143.890 23.223  
 3 266.896 25.615   4 321.735 25.962   8 197.175 12.979  16 283.073 64.114  22 243.961 23.331  26 11.261 55.078  27 178.727 37.450  31 57.951 39.229  32 143.890 23.223  
 3 266.895 25.615   4 321.735 25.963   8 197.175 12.980  16 283.075 64.114  22 243.961 23.331  26 11.262 55.077  27 178.727 37.451  31 57.951 39.228  32 143.890 23.222  
 3 266.894 25.615   4 321.735 25.964   8 197.175 12.981  16 283.077 64.114  22 243.960 23.330  26 11.263 55.077  27 178.727 37.452  31 57.952 39.228  32 143.891 23.221  
 3 266.893 25.615   4 321.735 25.964   8 197.175 12.981  16 283.079 64.114  22 243.959 23.330  26 11.263 55.076  27 178.727 37.453  31 57.953 39.228  32 143.891 23.220  
 3 266.893 25.615   4 321.735 25.965   8 197.175 12.982  16 283.081 64.114  22 243.958 23.330  26 11.264 55.075  27 178.727 37.454  31 57.954 39.228  32 143.891 23.220  
 3 266.892 25.615   4 321.735 25.966   8 197.175 12.983  16 283.083 64.114  22 243.958 23.329  26 11.265 55.075  27 178.726 37.454  31 57.955 39.228  32 143.892 23.219  
 3 266.891 25.614   4 321.735 25.966   8 197.175 12.983  16 283.085 64.114  22 243.957 23.329  26 11.266 55.074  27 178.726 37.455  31 57.956 39.227  32 143.892 23.218  
 3 266.890 25.614   4 321.735 25.967   8 197.175 12.984  16 283.087 64.115  22 243.956 23.329  26 11.266 55.074  27 178.726 37.456  31 57.957 39.227  32 143.892 23.218  
 3 266.889 25.614   4 321.735 25.968   8 197.175 12.985  16 283.089 64.115  22 243.955 23.328  26 11.267 55.073  27 178.726 37.457  31 57.958 39.227  32 143.893 23.217  
 3 266.888 25.614   4 321.735 25.968   8 197.175 12.985  16 283.091 64.115  22 243.955 23.328  26 11.268 55.072  27 178.726 37.457  31 57.959 39.227  32 143.893 23.216  
 3 266.887 25.614   4 321.735 25.969   8 197.175 12.986  16 283.093 64.115  22 243.954 23.328  26 11.269 55.072  27 178.726 37.458  31 57.960 39.227  32 143.893 23.216  
 3 266.887 25.613   4 321.735 25.970   8 197.175 12.987  16 283.095 64.115  22 243.953 23.327  26 11.269 55.071  27 178.725 37.459  31 57.961 39.227  32 143.894 23.215  
 3 266.886 25.613   4 321.734 25.970   8 197.174 12.988  16 283.097 64.115  22 243.952 23.327  26 11.270 55.070  27 178.725 37.460  31 57.962 39.226  32 143.894 23.214  
 3 266.885 25.613   4 321.734 25.971   8 197.174 12.988  16 283.099 64.115  22 243.952 23.327  26 11.271 55.070  27 178.725 37.461  31 57.963 39.226  32 143.894 23.214  
 3 266.884 25.613   4 321.734 25.972   8 197.174 12.989  16 283.101 64.115  22 243.951 23.326  26 11.272 55.069  27 178.725 37.461  31 57.964 39.226  32 143.895 23.213  
 3 266.883 25.613   4 321.734 25.972   8 197.174 12.990  16 283.103 64.116  22 243.950 23.326  26 11.273 55.069  27 178.725 37.462  31 57.965 39.226  32 143.895 23.212  
 3 266.882 25.613   4 321.734 25.973   8 197.174 12.990  16 283.105 64.116  22 243.949 23.326  26 11.273 55.068  27 178.724 37.463  31 57.966 39.225  32 143.895 23.212  
 3 266.882 25.612   4 321.734 25.974   8 197.174 12.991  16 283.107 64.116  22 243.949 23.325  26 11.274 55.067  27 178.724 37.464  31 57.967 39.225  32 143.896 23.211  
 3 266.881 25.612   4 321.734 25.974   8 197.174 12.992  16 283.109 64.116  22 243.948 23.325  26 11.275 55.067  27 178.724 37.465  31 57.967 39.225  32 143.896 23.210  
 3 266.880 25.612   4 321.734 25.975   8 197.174 12.992  16 283.111 64.116  22 243.947 23.325  26 11.276 55.066  27 178.724 37.465  31 57.968 39.225  32 143.897 23.210  
 3 266.879 25.612   4 321.734 25.976   8 197.174 12.993  16 283.113 64.116  22 243.946 23.324  26 11.277 55.066  27 178.724 37.466  31 57.969 39.225  32 143.897 23.209  
 3 266.878 25.612   4 321.734 25.976   8 197.174 12.994  16 283.115 64.116  22 243.946 23.324  26 11.277 55.065  27 178.723 37.467  31 57.970 39.224  32 143.897 23.208  
 3 266.877 25.611   4 321.734 25.977   8 197.174 12.994  16 283.117 64.117  22 243.945 23.324  26 11.278 55.064  27 178.723 37.468  31 57.971 39.224  32 143.898 23.207  
 3 266.876 25.611   4 321.734 25.978   8 197.174 12.995  16 283.119 64.117  22 243.944 23.323  26 11.279 55.064  27 178.723 37.469  31 57.972 39.224  32 143.898 23.207  
 3 266.876 25.611   4 321.733 25.978   8 197.174 12.996  16 283.121 64.117  22 243.944 23.323  26 11.280 55.063  27 178.723 37.469  31 57.973 39.224  32 143.898 23.206  
 3 266.875 25.611   4 321.733 25.979   8 197.174 12.996  16 283.123 64.117  22 243.943 23.323  26 11.280 55.062  27 178.723 37.470  31 57.974 39.224  32 143.899 23.205  
 3 266.874 25.611   4 321.733 25.980   8 197.173 12.997  16 283.125 64.117  22 243.942 23.322  26 11.281 55.062  27 178.723 37.471  31 57.975 39.223  32 143.899 23.205  
 3 266.873 25.611   4 321.733 25.980   8 197.173 12.998  16 283.127 64.117  22 243.941 23.322  26 11.282 55.061  27 178.722 37.472  31 57.976 39.223  32 143.899 23.204  
 3 266.872 25.610   4 321.733 25.981   8 197.173 12.998  16 283.129 64.117  22 243.941 23.322  26 11.283 55.061  27 178.722 37.473  31 57.977 39.223  32 143.900 23.203  
 3 266.871 25.610   4 321.733 25.982   8 197.173 12.999  16 283.131 64.117  22 243.940 23.321  26 11.283 55.060  27 178.722 37.473  31 57.978 39.223  32 143.900 23.203  
 3 266.871 25.610   4 321.733 25.982   8 197.173 13.000  16 283.133 64.118  22 243.939 23.321  26 11.284 55.059  27 178.722 37.474  31 57.979 39.223  32 143.900 23.202  
 3 266.870 25.610   4 321.733 25.983   8 197.173 13.000  16 283.135 64.118  22 243.938 23.321  26 11.285 55.059  27 178.722 37.475  31 57.980 39.222  32 143.901 23.201  
 3 266.869 25.610   4 321.733 25.984   8 197.173 13.001  16 283.137 64.118  22 243.938 23.320  26 11.286 55.058  27 178.722 37.476  31 57.981 39.222  32 143.901 23.201  
 3 266.868 25.609   4 321.733 25.984   8 197.173 13.002  16 283.139 64.118  22 243.937 23.320  26 11.287 55.057  27 178.721 37.477  31 57.982 39.222  32 143.901 23.200  
 3 266.867 25.609   4 321.733 25.985   8 197.173 13.003  16 283.141 64.118  22 243.936 23.320  26 11.287 55.057  27 178.721 37.477  31 57.983 39.222  32 143.902 23.199  
 3 266.866 25.609   4 321.733 25.986   8 197.173 13.003  16 283.143 64.118  22 243.935 23.319  26 11.288 55.056  27 178.721 37.478  31 57.983 39.222  32 143.902 23.199  
 3 266.865 25.609   4 321.732 25.986   8 197.173 13.004  16 283.145 64.118  22 243.935 23.319  26 11.289 55.056  27 178.721 37.479  31 57.984 39.221  32 143.902 23.198  
 3 266.865 25.609   4 321.732 25.987   8 197.173 13.005  16 283.147 64.119  22 243.934 23.319  26 11.290 55.055  27 178.721 37.480  31 57.985 39.221  32 143.903 23.197  
 3 266.864 25.609   4 321.732 25.988   8 197.173 13.005  16 283.149 64.119  22 243.933 23.318  26 11.290 55.054  27 178.720 37.480  31 57.986 39.221  32 143.903 23.197  
 3 266.863 25.608   4 321.732 25.988   8 197.173 13.006  16 283.151 64.119  22 243.932 23.318  26 11.291 55.054  27 178.720 37.481  31 57.987 39.221  32 143.903 23.196  
 3 266.862 25.608   4 321.732 25.989   8 197.172 13.007  16 283.153 64.119  22 243.932 23.318  26 11.292 55.053  27 178.720 37.482  31 57.988 39.221  32 143.904 23.195  
 3 266.861 25.608   4 321.732 25.990   8 197.172 13.007  16 283.155 64.119  22 243.931 23.317  26 11.293 55.053  27 178.720 37.483  31 57.989 39.221  32 143.904 23.195  
 3 266.860 25.608   4 321.732 25.990   8 197.172 13.008  16 283.157 64.119  22 243.930 23.317  26 11.294 55.052  27 178.720 37.484  31 57.990 39.220  32 143.904 23.194  
 3 266.860 25.608   4 321.732 25.991   8 197.172 13.009  16 283.159 64.119  22 243.929 23.317  26 11.294 55.051  27 178.719 37.485  31 57.991 39.220  32 143.905 23.193  
 3 266.859 25.608   4 321.732 25.992   8 197.172 13.009  16 283.161 64.120  22 243.929 23.316  26 11.295 55.051  27 178.719 37.485  31 57.992 39.220  32 143.905 23.192  
 3 266.858 25.607   4 321.732 25.992   8 197.172 13.010  16 283.163 64.120  22 243.928 23.316  26 11.296 55.050  27 178.719 37.486  31 57.993 39.220  32 143.905 23.192  
 3 266.857 25.607   4 321.732 25.993   8 197.172 13.011  16 283.165 64.120  22 243.927 23.316  26 11.297 55.049  27 178.719 37.487  31 57.994 39.219  32 143.906 23.191  
 3 266.856 25.607   4 321.731 25.994   8 197.172 13.011  16 283.167 64.120  22 243.926 23.315  26 11.297 55.049  27 178.719 37.488  31 57.995 39.219  32 143.906 23.190  
 3 266.855 25.607   4 321.731 25.994   8 197.172 13.012  16 283.169 64.120  22 243.926 23.315  26 11.298 55.048  27 178.718 37.488  31 57.996 39.219  32 143.906 23.190  
 3 266.854 25.607   4 321.731 25.995   8 197.172 13.013  16 283.171 64.120  22 243.925 23.315  26 11.299 55.048  27 178.718 37.489  31 57.997 39.219  32 143.907 23.189  
 3 266.854 25.606   4 321.731 25.996   8 197.172 13.013  16 283.173 64.120  22 243.924 23.314  26 11.300 55.047  27 178.718 37.490  31 57.998 39.219  32 143.907 23.188  
 3 266.853 25.606   4 321.731 25.996   8 197.172 13.014  16 283.175 64.120  22 243.923 23.314  26 11.301 55.046  27 178.718 37.491  31 57.999 39.218  32 143.907 23.188  
 3 266.852 25.606   4 321.731 25.997   8 197.172 13.015  16 283.177 64.121  22 243.923 23.314  26 11.301 55.046  27 178.718 37.492  31 58.000 39.218  32 143.908 23.187  
 3 266.851 25.606   4 321.731 25.998   8 197.171 13.015  16 283.179 64.121  22 243.922 23.313  26 11.302 55.045  27 178.718 37.492  31 58.000 39.218  32 143.908 23.186  
 3 266.850 25.606   4 321.731 25.998   8 197.171 13.016  16 283.181 64.121  22 243.921 23.313  26 11.303 55.044  27 178.717 37.493  31 58.001 39.218  32 143.908 23.186  
 3 266.849 25.605   4 321.731 25.999   8 197.171 13.017  16 283.183 64.121  22 243.920 23.313  26 11.304 55.044  27 178.717 37.494  31 58.002 39.218  32 143.909 23.185  
 3 266.848 25.605   4 321.731 26.000   8 197.171 13.017  16 283.185 64.121  22 243.920 23.312  26 11.305 55.043  27 178.717 37.495  31 58.003 39.217  32 143.909 23.184  
 3 266.848 25.605   4 321.731 26.000   8 197.171 13.018  16 283.187 64.121  22 243.919 23.312  26 11.305 55.043  27 178.717 37.496  31 58.004 39.217  32 143.910 23.184  
 3 266.847 25.605   4 321.731 26.001   8 197.171 13.019  16 283.189 64.121  22 243.918 23.312  26 11.306 55.042  27 178.717 37.496  31 58.005 39.217  32 143.910 23.183  
 3 266.846 25.605   4 321.730 26.002   8 197.171 13.020  16 283.191 64.122  22 243.918 23.311  26 11.307 55.041  27 178.716 37.497  31 58.006 39.217  32 143.910 23.182  
 3 266.845 25.605   4 321.730 26.002   8 197.171 13.020  16 283.193 64.122  22 243.917 23.311  26 11.308 55.041  27 178.716 37.498  31 58.007 39.217  32 143.911 23.182  
 3 266.844 25.604   4 321.730 26.003   8 197.171 13.021  16 283.195 64.122  22 243.916 23.311  26 11.308 55.040  27 178.716 37.499  31 58.008 39.216  32 143.911 23.181  
 3 266.843 25.604   4 321.730 26.004   8 197.171 13.022  16 283.197 64.122  22 243.915 23.310  26 11.309 55.040  27 178.716 37.500  31 58.009 39.216  32 143.911 23.180  
 3 266.843 25.604   4 321.730 26.004   8 197.171 13.022  16 283.199 64.122  22 243.915 23.310  26 11.310 55.039  27 178.716 37.500  31 58.010 39.216  32 143.912 23.180  
 3 266.842 25.604   4 321.730 26.005   8 197.171 13.023  16 283.201 64.122  22 243.914 23.310  26 11.311 55.038  27 178.716 37.501  31 58.011 39.216  32 143.912 23.179  
 3 266.841 25.604   4 321.730 26.006   8 197.171 13.024  16 283.203 64.122  22 243.913 23.309  26 11.311 55.038  27 178.715 37.502  31 58.012 39.216  32 143.912 23.178  
 3 266.840 25.603   4 321.730 26.006   8 197.171 13.024  16 283.205 64.122  22 243.912 23.309  26 11.312 55.037  27 178.715 37.503  31 58.013 39.215  32 143.913 23.177  
 3 266.839 25.603   4 321.730 26.007   8 197.171 13.025  16 283.207 64.123  22 243.912 23.309  26 11.313 55.036  27 178.715 37.503  31 58.014 39.215  32 143.913 23.177  
 3 266.838 25.603   4 321.730 26.008   8 197.170 13.026  16 283.209 64.123  22 243.911 23.308  26 11.314 55.036  27 178.715 37.504  31 58.015 39.215  32 143.913 23.176  
 3 266.837 25.603   4 321.730 26.008   8 197.170 13.026  16 283.211 64.123  22 243.910 23.308  26 11.315 55.035  27 178.715 37.505  31 58.016 39.215  32 143.914 23.175  
 3 266.837 25.603   4 321.730 26.009   8 197.170 13.027  16 283.213 64.123  22 243.909 23.308  26 11.315 55.035  27 178.714 37.506  31 58.017 39.215  32 143.914 23.175  
 3 266.836 25.603   4 321.729 26.010   8 197.170 13.028  16 283.215 64.123  22 243.909 23.307  26 11.316 55.034  27 178.714 37.507  31 58.017 39.214  32 143.914 23.174  
 3 266.835 25.602   4 321.729 26.010   8 197.170 13.028  16 283.217 64.123  22 243.908 23.307  26 11.317 55.033  27 178.714 37.507  31 58.018 39.214  32 143.915 23.173  
 3 266.834 25.602   4 321.729 26.011   8 197.170 13.029  16 283.219 64.123  22 243.907 23.307  26 11.318 55.033  27 178.714 37.508  31 58.019 39.214  32 143.915 23.173  
 3 266.833 25.602   4 321.729 26.012   8 197.170 13.030  16 283.221 64.123  22 243.906 23.306  26 11.318 55.032  27 178.714 37.509  31 58.020 39.214  32 143.915 23.172  
 3 266.832 25.602   4 321.729 26.012   8 197.170 13.030  16 283.223 64.124  22 243.906 23.306  26 11.319 55.031  27 178.714 37.510  31 58.021 39.214  32 143.916 23.171  
 3 266.832 25.602   4 321.729 26.013   8 197.170 13.031  16 283.225 64.124  22 243.905 23.306  26 11.320 55.031  27 178.713 37.511  31 58.022 39.213  32 143.916 23.171  
 3 266.831 25.602   4 321.729 26.014   8 197.170 13.032  16 283.227 64.124  22 243.904 23.305  26 11.321 55.030  27 178.713 37.511  31 58.023 39.213  32 143.916 23.170  
 3 266.830 25.601   4 321.729 26.014   8 197.170 13.032  16 283.229 64.124  22 243.903 23.305  26 11.322 55.030  27 178.713 37.512  31 58.024 39.213  32 143.917 23.169  
 3 266.829 25.601   4 321.729 26.015   8 197.170 13.033  16 283.231 64.124  22 243.903 23.305  26 11.322 55.029  27 178.713 37.513  31 58.025 39.213  32 143.917 23.169  
 3 266.828 25.601   4 321.729 26.016   8 197.170 13.034  16 283.233 64.124  22 243.902 23.304  26 11.323 55.028  27 178.713 37.514  31 58.026 39.213  32 143.917 23.168  
 3 266.827 25.601   4 321.729 26.016   8 197.169 13.034  16 283.235 64.125  22 243.901 23.304  26 11.324 55.028  27 178.712 37.515  31 58.027 39.212  32 143.918 23.167  
 3 266.827 25.601   4 321.729 26.017   8 197.169 13.035  16 283.237 64.125  22 243.900 23.304  26 11.325 55.027  27 178.712 37.515  31 58.028 39.212  32 143.918 23.166  
 3 266.826 25.600   4 321.728 26.018   8 197.169 13.036  16 283.239 64.125  22 243.900 23.303  26 11.325 55.027  27 178.712 37.516  31 58.029 39.212  32 143.918 23.166  
 3 266.825 25.600   4 321.728 26.018   8 197.169 13.036  16 283.241 64.125  22 243.899 23.303  26 11.326 55.026  27 178.712 37.517  31 58.030 39.212  32 143.919 23.165  
 3 266.824 25.600   4 321.728 26.019   8 197.169 13.037  16 283.243 64.125  22 243.898 23.303  26 11.327 55.025  27 178.712 37.518  31 58.031 39.212  32 143.919 23.164  
 3 266.823 25.600   4 321.728 26.020   8 197.169 13.038  16 283.245 64.125  22 243.898 23.302  26 11.328 55.025  27 178.712 37.519  31 58.032 39.211  32 143.919 23.164  
 3 266.822 25.600   4 321.728 26.020   8 197.169 13.039  16 283.247 64.125  22 243.897 23.302  26 11.328 55.024  27 178.711 37.519  31 58.032 39.211  32 143.920 23.163  
 3 266.822 25.599   4 321.728 26.021   8 197.169 13.039  16 283.249 64.125  22 243.896 23.302  26 11.329 55.023  27 178.711 37.520  31 58.033 39.211  32 143.920 23.162  
 3 266.821 25.599   4 321.728 26.022   8 197.169 13.040  16 283.251 64.125  22 243.895 23.301  26 11.330 55.023  27 178.711 37.521  31 58.034 39.211  32 143.920 23.162  
 3 266.820 25.599   4 321.728 26.022   8 197.169 13.041  16 283.253 64.126  22 243.895 23.301  26 11.331 55.022  27 178.711 37.522  31 58.035 39.211  32 143.921 23.161  
 3 266.819 25.599   4 321.728 26.023   8 197.169 13.041  16 283.255 64.126  22 243.894 23.301  26 11.332 55.022  27 178.711 37.523  31 58.036 39.210  32 143.921 23.160  
 3 266.818 25.599   4 321.728 26.024   8 197.169 13.042  16 283.257 64.126  22 243.893 23.300  26 11.332 55.021  27 178.710 37.523  31 58.037 39.210  32 143.921 23.160  
 3 266.817 25.599   4 321.728 26.024   8 197.169 13.043  16 283.259 64.126  22 243.892 23.300  26 11.333 55.020  27 178.710 37.524  31 58.038 39.210  32 143.922 23.159  
 3 266.816 25.598   4 321.727 26.025   8 197.169 13.043  16 283.261 64.126  22 243.892 23.300  26 11.334 55.020  27 178.710 37.525  31 58.039 39.210  32 143.922 23.158  
 3 266.816 25.598   4 321.727 26.026   8 197.169 13.044  16 283.263 64.126  22 243.891 23.299  26 11.335 55.019  27 178.710 37.526  31 58.040 39.210  32 143.923 23.158  
 3 266.815 25.598   4 321.727 26.026   8 197.168 13.045  16 283.265 64.126  22 243.890 23.299  26 11.335 55.018  27 178.710 37.527  31 58.041 39.209  32 143.923 23.157  
 3 266.814 25.598   4 321.727 26.027   8 197.168 13.045  16 283.267 64.127  22 243.889 23.299  26 11.336 55.018  27 178.710 37.527  31 58.042 39.209  32 143.923 23.156  
 3 266.813 25.598   4 321.727 26.028   8 197.168 13.046  16 283.269 64.127  22 243.889 23.298  26 11.337 55.017  27 178.709 37.528  31 58.043 39.209  32 143.924 23.156  
 3 266.812 25.597   4 321.727 26.028   8 197.168 13.047  16 283.271 64.127  22 243.888 23.298  26 11.338 55.017  27 178.709 37.529  31 58.044 39.209  32 143.924 23.155  
 3 266.811 25.597   4 321.727 26.029   8 197.168 13.047  16 283.273 64.127  22 243.887 23.298  26 11.339 55.016  27 178.709 37.530  31 58.045 39.209  32 143.924 23.154  
 3 266.810 25.597   4 321.727 26.030   8 197.168 13.048  16 283.275 64.127  22 243.886 23.297  26 11.339 55.015  27 178.709 37.531  31 58.046 39.208  32 143.925 23.154  
 3 266.810 25.597   4 321.727 26.030   8 197.168 13.049  16 283.277 64.127  22 243.886 23.297  26 11.340 55.015  27 178.709 37.531  31 58.047 39.208  32 143.925 23.153  
 3 266.809 25.597   4 321.727 26.031   8 197.168 13.049  16 283.279 64.127  22 243.885 23.297  26 11.341 55.014  27 178.708 37.532  31 58.048 39.208  32 143.925 23.152  
 3 266.808 25.597   4 321.727 26.032   8 197.168 13.050  16 283.281 64.128  22 243.884 23.296  26 11.342 55.014  27 178.708 37.533  31 58.049 39.208  32 143.926 23.151  
 3 266.807 25.596   4 321.727 26.032   8 197.168 13.051  16 283.283 64.128  22 243.883 23.296  26 11.342 55.013  27 178.708 37.534  31 58.049 39.208  32 143.926 23.151  
 3 266.806 25.596   4 321.726 26.033   8 197.168 13.051  16 283.285 64.128  22 243.883 23.296  26 11.343 55.012  27 178.708 37.534  31 58.050 39.207  32 143.926 23.150  
 3 266.805 25.596   4 321.726 26.034   8 197.168 13.052  16 283.287 64.128  22 243.882 23.295  26 11.344 55.012  27 178.708 37.535  31 58.051 39.207  32 143.927 23.149  
 3 266.805 25.596   4 321.726 26.034   8 197.168 13.053  16 283.289 64.128  22 243.881 23.295  26 11.345 55.011  27 178.708 37.536  31 58.052 39.207  32 143.927 23.149  
 3 266.804 25.596   4 321.726 26.035   8 197.168 13.053  16 283.291 64.128  22 243.880 23.295  26 11.346 55.010  27 178.707 37.537  31 58.053 39.207  32 143.927 23.148  
 3 266.803 25.595   4 321.726 26.036   8 197.168 13.054  16 283.293 64.128  22 243.880 23.294  26 11.346 55.010  27 178.707 37.538  31 58.054 39.207  32 143.928 23.147  
 3 266.802 25.595   4 321.726 26.036   8 197.167 13.055  16 283.295 64.128  22 243.879 23.294  26 11.347 55.009  27 178.707 37.539  31 58.055 39.206  32 143.928 23.147  
 3 266.801 25.595   4 321.726 26.037   8 197.167 13.056  16 283.297 64.129  22 243.878 23.294  26 11.348 55.009  27 178.707 37.539  31 58.056 39.206  32 143.928 23.146  
 3 266.800 25.595   4 321.726 26.038   8 197.167 13.056  16 283.299 64.129  22 243.877 23.293  26 11.349 55.008  27 178.707 37.540  31 58.057 39.206  32 143.929 23.145  
 3 266.799 25.595   4 321.726 26.038   8 197.167 13.057  16 283.301 64.129  22 243.877 23.293  26 11.349 55.007  27 178.706 37.541  31 58.058 39.206  32 143.929 23.145  
 3 266.799 25.595   4 321.726 26.039   8 197.167 13.058  16 283.303 64.129  22 243.876 23.293  26 11.350 55.007  27 178.706 37.542  31 58.059 39.206  32 143.929 23.144  
 3 266.798 25.594   4 321.726 26.040   8 197.167 13.058  16 283.305 64.129  22 243.875 23.292  26 11.351 55.006  27 178.706 37.542  31 58.060 39.205  32 143.930 23.143  
 3 266.797 25.594   4 321.726 26.040   8 197.167 13.059  16 283.307 64.129  22 243.875 23.292  26 11.352 55.005  27 178.706 37.543  31 58.061 39.205  32 143.930 23.143  
 3 266.796 25.594   4 321.725 26.041   8 197.167 13.060  16 283.309 64.129  22 243.874 23.292  26 11.353 55.005  27 178.706 37.544  31 58.062 39.205  32 143.930 23.142  
 3 266.795 25.594   4 321.725 26.042   8 197.167 13.060  16 283.311 64.130  22 243.873 23.291  26 11.353 55.004  27 178.705 37.545  31 58.063 39.205  32 143.931 23.141  
 3 266.794 25.594   4 321.725 26.042   8 197.167 13.061  16 283.313 64.130  22 243.872 23.291  26 11.354 55.004  27 178.705 37.546  31 58.064 39.205  32 143.931 23.141  
 3 266.794 25.593   4 321.725 26.043   8 197.167 13.062  16 283.315 64.130  22 243.872 23.291  26 11.355 55.003  27 178.705 37.546  31 58.065 39.204  32 143.931 23.140  
 3 266.793 25.593   4 321.725 26.044   8 197.167 13.062  16 283.317 64.130  22 243.871 23.290  26 11.356 55.002  27 178.705 37.547  31 58.065 39.204  32 143.932 23.139  
 3 266.792 25.593   4 321.725 26.044   8 197.167 13.063  16 283.319 64.130  22 243.870 23.290  26 11.356 55.002  27 178.705 37.548  31 58.066 39.204  32 143.932 23.139  
 3 266.791 25.593   4 321.725 26.045   8 197.167 13.064  16 283.321 64.130  22 243.869 23.290  26 11.357 55.001  27 178.705 37.549  31 58.067 39.204  32 143.932 23.138  
 3 266.790 25.593   4 321.725 26.046   8 197.166 13.064  16 283.323 64.130  22 243.869 23.289  26 11.358 55.001  27 178.704 37.550  31 58.068 39.204  32 143.933 23.137  
 3 266.789 25.592   4 321.725 26.046   8 197.166 13.065  16 283.325 64.130  22 243.868 23.289  26 11.359 55.000  27 178.704 37.550  31 58.069 39.203  32 143.933 23.137  
 3 266.789 25.592   4 321.725 26.047   8 197.166 13.066  16 283.327 64.131  22 243.867 23.289  26 11.359 54.999  27 178.704 37.551  31 58.070 39.203  32 143.933 23.136  
 3 266.788 25.592   4 321.725 26.048   8 197.166 13.066  16 283.329 64.131  22 243.866 23.288  26 11.360 54.999  27 178.704 37.552  31 58.071 39.203  32 143.934 23.135  
 3 266.787 25.592   4 321.724 26.048   8 197.166 13.067  16 283.332 64.131  22 243.866 23.288  26 11.361 54.998  27 178.704 37.553  31 58.072 39.203  32 143.934 23.134  
 3 266.786 25.592   4 321.724 26.049   8 197.166 13.068  16 283.334 64.131  22 243.865 23.288  26 11.362 54.997  27 178.703 37.554  31 58.073 39.203  32 143.934 23.134  
 3 266.785 25.592   4 321.724 26.050   8 197.166 13.068  16 283.335 64.131  22 243.864 23.287  26 11.363 54.997  27 178.703 37.554  31 58.074 39.202  32 143.935 23.133  
 3 266.784 25.591   4 321.724 26.050   8 197.166 13.069  16 283.337 64.131  22 243.863 23.287  26 11.363 54.996  27 178.703 37.555  31 58.075 39.202  32 143.935 23.132  
 3 266.783 25.591   4 321.724 26.051   8 197.166 13.070  16 283.339 64.131  22 243.863 23.287  26 11.364 54.996  27 178.703 37.556  31 58.076 39.202  32 143.936 23.132  
 3 266.783 25.591   4 321.724 26.052   8 197.166 13.070  16 283.342 64.131  22 243.862 23.286  26 11.365 54.995  27 178.703 37.557  31 58.077 39.202  32 143.936 23.131  
 3 266.782 25.591   4 321.724 26.052   8 197.166 13.071  16 283.344 64.132  22 243.861 23.286  26 11.366 54.994  27 178.703 37.558  31 58.078 39.202  32 143.936 23.130  
 3 266.781 25.591   4 321.724 26.053   8 197.166 13.072  16 283.346 64.132  22 243.860 23.286  26 11.366 54.994  27 178.702 37.558  31 58.079 39.201  32 143.937 23.130  
 3 266.780 25.591   4 321.724 26.054   8 197.166 13.073  16 283.348 64.132  22 243.860 23.285  26 11.367 54.993  27 178.702 37.559  31 58.080 39.201  32 143.937 23.129  
 3 266.779 25.590   4 321.724 26.055   8 197.165 13.073  16 283.350 64.132  22 243.859 23.285  26 11.368 54.992  27 178.702 37.560  31 58.081 39.201  32 143.937 23.128  
 3 266.778 25.590   4 321.724 26.055   8 197.165 13.074  16 283.351 64.132  22 243.858 23.285  26 11.369 54.992  27 178.702 37.561  31 58.082 39.201  32 143.938 23.128  
 3 266.777 25.590   4 321.724 26.056   8 197.165 13.075  16 283.353 64.132  22 243.857 23.284  26 11.370 54.991  27 178.702 37.561  31 58.082 39.201  32 143.938 23.127  
 3 266.777 25.590   4 321.723 26.057   8 197.165 13.075  16 283.355 64.132  22 243.857 23.284  26 11.370 54.991  27 178.701 37.562  31 58.083 39.200  32 143.938 23.126  
 3 266.776 25.590   4 321.723 26.057   8 197.165 13.076  16 283.358 64.133  22 243.856 23.284  26 11.371 54.990  27 178.701 37.563  31 58.084 39.200  32 143.939 23.126  
 3 266.775 25.589   4 321.723 26.058   8 197.165 13.077  16 283.360 64.133  22 243.855 23.283  26 11.372 54.989  27 178.701 37.564  31 58.085 39.200  32 143.939 23.125  
 3 266.774 25.589   4 321.723 26.058   8 197.165 13.077  16 283.362 64.133  22 243.854 23.283  26 11.373 54.989  27 178.701 37.565  31 58.086 39.200  32 143.939 23.124  
 3 266.773 25.589   4 321.723 26.059   8 197.165 13.078  16 283.364 64.133  22 243.854 23.283  26 11.373 54.988  27 178.701 37.565  31 58.087 39.200  32 143.940 23.124  
 3 266.772 25.589   4 321.723 26.060   8 197.165 13.079  16 283.366 64.133  22 243.853 23.282  26 11.374 54.988  27 178.701 37.566  31 58.088 39.199  32 143.940 23.123  
 3 266.772 25.589   4 321.723 26.061   8 197.165 13.079  16 283.368 64.133  22 243.852 23.282  26 11.375 54.987  27 178.700 37.567  31 58.089 39.199  32 143.940 23.122  
 3 266.771 25.588   4 321.723 26.061   8 197.165 13.080  16 283.370 64.133  22 243.852 23.282  26 11.376 54.986  27 178.700 37.568  31 58.090 39.199  32 143.941 23.121  
 3 266.770 25.588   4 321.723 26.062   8 197.165 13.081  16 283.372 64.133  22 243.851 23.281  26 11.377 54.986  27 178.700 37.569  31 58.091 39.199  32 143.941 23.121  
 3 266.769 25.588   4 321.723 26.063   8 197.165 13.081  16 283.374 64.134  22 243.850 23.281  26 11.377 54.985  27 178.700 37.569  31 58.092 39.199  32 143.941 23.120  
 3 266.768 25.588   4 321.723 26.063   8 197.165 13.082  16 283.376 64.134  22 243.849 23.281  26 11.378 54.984  27 178.700 37.570  31 58.093 39.198  32 143.942 23.119  
 3 266.767 25.588   4 321.722 26.064   8 197.165 13.083  16 283.378 64.134  22 243.849 23.280  26 11.379 54.984  27 178.699 37.571  31 58.094 39.198  32 143.942 23.119  
 3 266.767 25.588   4 321.722 26.064   8 197.164 13.083  16 283.380 64.134  22 243.848 23.280  26 11.380 54.983  27 178.699 37.572  31 58.095 39.198  32 143.942 23.118  
 3 266.766 25.587   4 321.722 26.065   8 197.164 13.084  16 283.382 64.134  22 243.847 23.280  26 11.380 54.983  27 178.699 37.573  31 58.096 39.198  32 143.943 23.117  
 3 266.765 25.587   4 321.722 26.066   8 197.164 13.085  16 283.384 64.134  22 243.846 23.279  26 11.381 54.982  27 178.699 37.573  31 58.097 39.198  32 143.943 23.117  
 3 266.764 25.587   4 321.722 26.066   8 197.164 13.085  16 283.386 64.134  22 243.846 23.279  26 11.382 54.981  27 178.699 37.574  31 58.097 39.197  32 143.943 23.116  
 3 266.763 25.587   4 321.722 26.067   8 197.164 13.086  16 283.388 64.135  22 243.845 23.279  26 11.383 54.981  27 178.698 37.575  31 58.098 39.197  32 143.944 23.115  
 3 266.762 25.587   4 321.722 26.068   8 197.164 13.087  16 283.390 64.135  22 243.844 23.278  26 11.383 54.980  27 178.698 37.576  31 58.099 39.197  32 143.944 23.115  
 3 266.761 25.586   4 321.722 26.069   8 197.164 13.087  16 283.392 64.135  22 243.843 23.278  26 11.384 54.979  27 178.698 37.577  31 58.100 39.197  32 143.944 23.114  
 3 266.761 25.586   4 321.722 26.069   8 197.164 13.088  16 283.394 64.135  22 243.843 23.278  26 11.385 54.979  27 178.698 37.577  31 58.101 39.197  32 143.945 23.113  
 3 266.760 25.586   4 321.722 26.070   8 197.164 13.089  16 283.396 64.135  22 243.842 23.277  26 11.386 54.978  27 178.698 37.578  31 58.102 39.196  32 143.945 23.113  
 3 266.759 25.586   4 321.722 26.071   8 197.164 13.090  16 283.398 64.135  22 243.841 23.277  26 11.387 54.978  27 178.698 37.579  31 58.103 39.196  32 143.945 23.112  
 3 266.758 25.586   4 321.722 26.071   8 197.164 13.090  16 283.400 64.135  22 243.840 23.277  26 11.387 54.977  27 178.697 37.580  31 58.104 39.196  32 143.946 23.111  
 3 266.757 25.586   4 321.721 26.072   8 197.164 13.091  16 283.402 64.135  22 243.840 23.276  26 11.388 54.976  27 178.697 37.581  31 58.105 39.196  32 143.946 23.111  
 3 266.756 25.585   4 321.721 26.073   8 197.164 13.092  16 283.404 64.136  22 243.839 23.276  26 11.389 54.976  27 178.697 37.581  31 58.106 39.196  32 143.946 23.110  
 3 266.756 25.585   4 321.721 26.073   8 197.164 13.092  16 283.406 64.136  22 243.838 23.276  26 11.390 54.975  27 178.697 37.582  31 58.107 39.195  32 143.947 23.109  
 3 266.755 25.585   4 321.721 26.074   8 197.164 13.093  16 283.408 64.136  22 243.837 23.275  26 11.390 54.975  27 178.697 37.583  31 58.108 39.195  32 143.947 23.109  
 3 266.754 25.585   4 321.721 26.075   8 197.163 13.094  16 283.410 64.136  22 243.837 23.275  26 11.391 54.974  27 178.696 37.584  31 58.109 39.195  32 143.948 23.108  
 3 266.753 25.585   4 321.721 26.075   8 197.163 13.094  16 283.412 64.136  22 243.836 23.275  26 11.392 54.973  27 178.696 37.585  31 58.110 39.195  32 143.948 23.107  
 3 266.752 25.584   4 321.721 26.076   8 197.163 13.095  16 283.414 64.136  22 243.835 23.274  26 11.393 54.973  27 178.696 37.585  31 58.111 39.195  32 143.948 23.106  
 3 266.751 25.584   4 321.721 26.076   8 197.163 13.096  16 283.416 64.136  22 243.834 23.274  26 11.394 54.972  27 178.696 37.586  31 58.112 39.194  32 143.949 23.106  
 3 266.751 25.584   4 321.721 26.077   8 197.163 13.096  16 283.418 64.136  22 243.834 23.274  26 11.394 54.971  27 178.696 37.587  31 58.113 39.194  32 143.949 23.105  
 3 266.750 25.584   4 321.721 26.078   8 197.163 13.097  16 283.420 64.137  22 243.833 23.273  26 11.395 54.971  27 178.696 37.588  31 58.113 39.194  32 143.949 23.104  
 3 266.749 25.584   4 321.721 26.078   8 197.163 13.098  16 283.422 64.137  22 243.832 23.273  26 11.396 54.970  27 178.695 37.589  31 58.114 39.194  32 143.950 23.104  
 3 266.748 25.584   4 321.721 26.079   8 197.163 13.098  16 283.424 64.137  22 243.832 23.273  26 11.397 54.970  27 178.695 37.589  31 58.115 39.194  32 143.950 23.103  
 3 266.747 25.583   4 321.720 26.080   8 197.163 13.099  16 283.426 64.137  22 243.831 23.272  26 11.397 54.969  27 178.695 37.590  31 58.116 39.193  32 143.950 23.102  
 3 266.746 25.583   4 321.720 26.081   8 197.163 13.100  16 283.428 64.137  22 243.830 23.272  26 11.398 54.968  27 178.695 37.591  31 58.117 39.193  32 143.951 23.102  
 3 266.745 25.583   4 321.720 26.081   8 197.163 13.100  16 283.430 64.137  22 243.829 23.272  26 11.399 54.968  27 178.695 37.592  31 58.118 39.193  32 143.951 23.101  
 3 266.745 25.583   4 321.720 26.082   8 197.163 13.101  16 283.432 64.137  22 243.829 23.271  26 11.400 54.967  27 178.694 37.592  31 58.119 39.193  32 143.951 23.100  
 3 266.744 25.583   4 321.720 26.083   8 197.163 13.102  16 283.434 64.138  22 243.828 23.271  26 11.400 54.967  27 178.694 37.593  31 58.120 39.193  32 143.952 23.100  
 3 266.743 25.582   4 321.720 26.083   8 197.163 13.102  16 283.436 64.138  22 243.827 23.271  26 11.401 54.966  27 178.694 37.594  31 58.121 39.192  32 143.952 23.099  
 3 266.742 25.582   4 321.720 26.084   8 197.162 13.103  16 283.438 64.138  22 243.826 23.270  26 11.402 54.965  27 178.694 37.595  31 58.122 39.192  32 143.952 23.098  
